id,player_name,games,time,goals,xG,assists,xA,shots,key_passes,yellow_cards,red_cards,position,team_title,npg,npxG,xGChain,xGBuildup,league,season
11736,Artem Dovbyk,36,2678,24,23.31381724774837,8,6.509533985517919,85,27,2,0,F S,Girona,17,17.367596223950386,23.6771375015378,3.992590010166168,La_Liga,2023
6531,Alexander Sørloth,34,2487,23,15.42916595377028,6,4.057515846565366,78,33,3,0,F S,Villarreal,23,15.42916595377028,20.514578377828,3.432165618985892,La_Liga,2023
227,Robert Lewandowski,35,2777,19,17.914700919762254,8,5.09992503747344,92,27,5,0,F S,Barcelona,15,14.941590474918485,25.661629386246204,9.227330034598708,La_Liga,2023
8824,Jude Bellingham,28,2351,19,12.974516276270151,6,5.894492693245411,63,48,5,0,F M S,Real Madrid,18,12.231238637119532,27.42240233719349,15.474829688668253,La_Liga,2023
1235,Ante Budimir,33,2476,17,15.208166905678809,2,2.322105295024812,77,12,4,0,F S,Osasuna,14,12.23505643196404,12.838875048793852,1.577920326963067,La_Liga,2023
2270,Antoine Griezmann,33,2685,16,13.233244309201837,6,5.676792664453387,79,43,5,0,F M S,Atletico Madrid,12,10.260133827105165,25.45843400619924,11.906192127615212,La_Liga,2023
5169,Youssef En-Nesyri,33,2580,16,13.3881605733186,2,1.3884780388325453,73,9,4,0,F S,Sevilla,15,12.64488290436566,14.379435012117028,2.695498451590538,La_Liga,2023
1804,Álvaro Morata,32,1924,15,17.68113228864968,3,2.8247487526386976,67,15,2,1,F S,Atletico Madrid,15,16.937854619696736,20.133963122963905,3.360558204352856,La_Liga,2023
2252,Borja Mayoral,27,2193,15,11.781445782631636,1,1.9314997978508472,47,20,2,0,F M S,Getafe,11,8.808335237205029,12.544378835707905,2.4337577307596803,La_Liga,2023
7008,Vinícius Júnior,26,1902,15,15.999081552028656,5,4.433579048141837,78,31,7,0,F M S,Real Madrid,14,15.255804002285004,20.517531529068947,4.835081744939089,La_Liga,2023
7020,Gorka Guruzeta,32,2321,14,13.0646229442209,5,3.0766469575464725,65,27,2,0,F S,Athletic Club,14,12.321345334872603,15.980735013261436,2.6838627718389034,La_Liga,2023
6637,Hugo Duro,37,3050,13,11.410676322877409,2,1.5678155571222303,65,15,4,0,F M S,Valencia,13,11.410676322877409,14.390071650967002,2.716021410189569,La_Liga,2023
11070,Jørgen Strand Larsen,37,2951,13,16.671772304922342,3,2.7474186159670357,81,24,3,0,F M S,Celta Vigo,13,16.671772304922342,20.40579062514007,4.552490897476673,La_Liga,2023
2399,Iñaki Williams,34,2880,12,11.432036427780986,3,6.19192869309336,93,44,4,0,F M S,Athletic Club,12,11.432036427780986,21.492380052804947,5.147575912997127,La_Liga,2023
10400,Myrto Uzuni,34,2490,11,12.619373556226492,1,3.1601249799132347,64,18,3,0,F M S,Granada,7,8.902985572814941,10.58439028635621,1.75699582695961,La_Liga,2023
866,Joselu,34,1631,10,13.563519598916171,2,2.325238820165396,63,12,0,0,F S,Real Madrid,10,12.076964350417256,17.439819484949112,5.645642139017582,La_Liga,2023
2120,Gerard Moreno,30,2296,10,9.997523443773389,6,5.868685748428106,63,53,0,0,F M S,Villarreal,8,7.767690574750304,16.735687041655183,7.895937273278832,La_Liga,2023
2361,Willian José,33,2004,10,6.604414518922567,5,3.088982405140996,48,27,0,1,F S,Real Betis,10,6.604414518922567,11.779934830963612,2.7242426984012127,La_Liga,2023
8015,Rodrygo,34,2426,10,12.429995279759169,5,4.424967087805271,87,46,2,0,F S,Real Madrid,10,11.68671764060855,22.53792427107692,10.114376921206713,La_Liga,2023
770,Ayoze Pérez,31,2346,9,8.989579416811466,1,4.214360909536481,68,31,4,0,F M S,Real Betis,9,8.989579416811466,17.23151198029518,6.425478775054216,La_Liga,2023
1709,Cristhian Stuani,31,694,9,11.261974029242992,3,2.2404822162352502,34,10,6,0,F S,Girona,9,11.261974029242992,11.822853227611631,0.315147440880537,La_Liga,2023
2234,Mikel Oyarzabal,33,2160,9,10.142703792080283,3,2.1910949237644672,40,21,3,0,F M S,Real Sociedad,7,8.656148603186011,10.525855980813503,1.3151531964540482,La_Liga,2023
2275,Ángel Correa,32,1502,9,7.449641685932875,2,4.268415723927319,43,32,3,0,F M S,Atletico Madrid,9,7.449641685932875,16.604389868676662,6.348268950358033,La_Liga,2023
2290,Iago Aspas,35,2736,9,10.404229525476694,10,12.151071110740304,78,90,6,1,F M S,Celta Vigo,6,6.687841277569532,23.67988681048155,10.63012528140098,La_Liga,2023
8862,Sergio Arribas,34,2065,9,9.642353873699903,4,4.135038662701845,60,40,1,0,F M S,Almeria,9,9.642353873699903,15.820769029669464,4.31053960043937,La_Liga,2023
11735,Sávio,37,3062,9,6.155738043598831,10,8.476998306810856,45,52,5,0,F M S,Girona,9,6.155738043598831,24.98598575219512,13.196425644680858,La_Liga,2023
11831,Samu Omorodion,35,2014,9,13.301204808056356,1,1.8839029110968115,67,18,6,0,F S,"Alaves,Granada",9,13.301204808056356,15.395711928606032,3.0258879344910383,La_Liga,2023
2255,Isco,29,2377,8,9.666563872247934,5,8.340999964624643,63,81,10,0,M S,Real Betis,6,8.180008582770824,19.04085874557495,7.847405590116978,La_Liga,2023
6421,Brahim Diaz,31,1548,8,7.064669705927372,6,5.103312510065734,38,30,0,0,F M S,Real Madrid,8,7.064669705927372,17.72036318667233,7.117511269636452,La_Liga,2023
7490,Mason Greenwood,34,2766,8,9.606171378865838,7,5.150464846752584,103,40,6,1,F M S,Getafe,6,7.376338509842753,14.052480861544607,4.136063855141401,La_Liga,2023
11322,Viktor Tsygankov,30,2118,8,7.182822577655315,7,6.8491873703897,44,35,0,0,D F M S,Girona,8,7.182822577655315,18.071242179721597,9.44023699592799,La_Liga,2023
11822,Fermín López,31,1447,8,8.455701429396868,0,1.420464774593711,51,17,2,0,F M S,Barcelona,8,8.455701429396868,12.826990146189928,3.3985758498311043,La_Liga,2023
2186,Morales,29,996,7,5.825236776843667,0,0.5933051854372025,25,5,0,0,F M S,Villarreal,7,5.825236776843667,8.629727041348815,2.665788280777633,La_Liga,2023
2551,Pepelu,37,3314,7,6.94635817874223,1,3.3046364076435566,35,52,4,0,M,Valencia,0,1.0002651019021869,11.623020177707076,10.69089342933148,La_Liga,2023
5091,Alex Berenguer,35,1533,7,5.9159444607794285,3,4.649526584893465,32,33,4,0,M S,Athletic Club,6,5.172794762998819,8.556869108229876,1.8393376246094704,La_Liga,2023
6118,Portu,36,1205,7,4.973772298544645,5,3.65421982575208,22,18,4,0,F M S,"Getafe,Girona",7,4.973772298544645,11.46655536815524,3.547722566872835,La_Liga,2023
6441,Ferrán Torres,29,1168,7,6.14692690782249,2,2.06962201744318,38,26,2,0,F M S,Barcelona,7,6.14692690782249,11.04676415026188,4.374510854482651,La_Liga,2023
7892,João Félix,30,1530,7,8.801812421530485,3,3.087745688855648,61,19,3,0,F M S,Barcelona,7,8.801812421530485,17.652851674705744,7.777922375127673,La_Liga,2023
8001,Takefusa Kubo,30,2169,7,5.006727017462254,4,6.733130760490894,46,58,1,0,F M S,Real Sociedad,7,5.006727017462254,12.395342625677586,3.640120666474104,La_Liga,2023
9002,Vedat Muriqi,29,2335,7,11.220534628257155,2,3.225141496397555,66,34,4,0,F S,Mallorca,6,8.990829708054662,9.76861596852541,2.220715753734112,La_Liga,2023
12030,Tasos Douvikas,32,846,7,5.597069129347801,1,1.1894508870318532,26,8,2,0,F S,Celta Vigo,7,5.597069129347801,6.697281435132027,0.6971121802926064,La_Liga,2023
1189,Lucas Boyé,31,2613,6,7.1452496172860265,3,3.2088521169498563,56,27,8,1,F M S,Granada,6,7.1452496172860265,10.558177180588244,3.42706776317209,La_Liga,2023
2304,Leo Baptistao,32,1869,6,5.837608506903052,0,1.8269870448857544,47,19,6,1,F M S,Almeria,6,5.837608506903052,10.266108710318804,3.071513507515192,La_Liga,2023
2518,Marcos Llorente,37,2580,6,4.876857055351138,4,6.641838442534208,30,26,5,0,D F M S,Atletico Madrid,6,4.876857055351138,19.585022961720824,10.337015140801668,La_Liga,2023
7071,Álvaro García,32,2537,6,7.112187316641212,1,3.6980624217540026,45,40,6,1,F M S,Rayo Vallecano,6,7.112187316641212,11.993901647627354,1.8538533048704269,La_Liga,2023
8014,Abdón Prats,34,1218,6,4.045267624780536,1,2.3391423150897026,33,14,4,0,F S,Mallorca,6,4.045267624780536,5.668141694739461,1.2052582316100595,La_Liga,2023
8026,Raphinha,28,1385,6,7.731987021863459,9,6.221527995541692,59,40,4,1,F M S,Barcelona,5,6.988709412515163,14.769633650779724,7.721641294658184,La_Liga,2023
8042,Raul García,35,1328,6,5.832890957593918,1,1.2678657453507185,33,10,4,0,F S,Osasuna,6,5.832890957593918,7.175652220845223,1.3460570983588696,La_Liga,2023
8978,Luis Suárez,15,922,6,5.410993490368128,0,0.6992363482713699,40,8,3,0,F M S,Almeria,5,4.667715843766928,5.6103093065321445,0.5050557218492031,La_Liga,2023
10143,Bryan Zaragoza,21,1651,6,3.4969893489032984,2,3.2957579903304577,33,22,5,0,F M S,Granada,5,2.753711733967066,8.612707426771522,3.226908627897501,La_Liga,2023
11743,Kirian Rodríguez,37,3232,6,1.8378973649814725,2,1.910202752798796,43,37,8,0,M S,Las Palmas,6,1.8378973649814725,11.23528541252017,8.897437009960413,La_Liga,2023
12190,Arda Güler,10,365,6,1.991128913126886,0,0.1776059940457344,15,2,1,0,F M S,Real Madrid,6,1.991128913126886,4.972774624824524,3.295796275138855,La_Liga,2023
314,Ilkay Gündogan,36,3014,5,7.261162165552378,9,10.576679192483423,43,97,5,0,M S,Barcelona,4,5.774606849998236,30.591652281582355,20.01150991767645,La_Liga,2023
555,Memphis Depay,23,870,5,6.286115247756243,1,2.1676864326000214,39,12,2,0,F S,Atletico Madrid,5,6.286115247756243,9.110113620758057,1.083245625719428,La_Liga,2023
5304,Mikel Merino,32,2476,5,3.81742243655026,3,2.5781697425991297,30,19,10,0,M S,Real Sociedad,5,3.81742243655026,11.67240933328867,6.87834064848721,La_Liga,2023
5706,Dodi Lukebakio,23,1122,5,6.540482584387064,1,0.6361335068941116,42,13,0,0,F M S,Sevilla,5,6.540482584387064,9.135638374835253,3.597939668223262,La_Liga,2023
6227,Brais Méndez,32,2435,5,4.253141248598695,6,5.089708650484681,66,40,7,0,F M S,Real Sociedad,5,4.253141248598695,12.606009811162949,7.558188047260046,La_Liga,2023
6920,Chris Ramos,38,2752,5,10.751682560890911,1,1.7786291632801294,78,18,5,0,F M S,Cadiz,5,10.751682560890911,11.691351497545838,2.073237329721451,La_Liga,2023
7009,Jaime Mata,36,1891,5,5.709469351917505,1,1.5407152902334929,34,18,8,1,F M S,Getafe,5,5.709469351917505,7.414690779522061,1.9643178265541792,La_Liga,2023
7350,Yangel Herrera,29,2164,5,6.053082942962647,0,2.1153405918739736,52,18,9,0,D M S,Girona,5,6.053082942962647,18.590083649381995,13.715097695589066,La_Liga,2023
7529,Iván Martín,36,2801,5,3.2572554741054773,4,3.426012462005019,19,29,5,0,F M S,Girona,5,3.2572554741054773,23.63595617376268,18.003766800742596,La_Liga,2023
7870,Luis Rioja,37,2576,5,5.841826934367418,4,5.503333631902933,57,41,4,0,F M S,Alaves,2,2.86871649697423,11.749913413077593,7.45725760422647,La_Liga,2023
8045,Eric Garcia,32,2700,5,3.56385139375925,0,0.3726290613412857,17,10,4,0,D S,"Barcelona,Girona",5,3.56385139375925,19.98190453276038,19.82159387692809,La_Liga,2023
9211,Nico Williams,31,2336,5,6.556464571505785,11,7.37903618440032,56,46,4,1,M S,Athletic Club,5,6.556464571505785,20.137821784242988,8.772917037829757,La_Liga,2023
10870,Williot Swedberg,15,421,5,2.655545361340046,0,0.2127302475273609,12,3,1,0,F S,Celta Vigo,5,2.655545361340046,3.393190272152424,0.6375101953744888,La_Liga,2023
11527,Lamine Yamal,37,2186,5,5.792876272462308,5,6.701532162725925,58,39,3,0,D F M S,Barcelona,5,5.792876272462308,22.475352063775063,12.034275501966476,La_Liga,2023
1109,Lucas Ocampos,35,2934,4,6.91489348327741,3,5.845869053155184,64,36,9,0,D F M S,Sevilla,3,6.171615903731436,16.757698979228735,7.750453559681773,La_Liga,2023
2260,Daniel Carvajal,28,2191,4,2.5843210201710463,3,2.846800524741411,18,21,3,1,D S,Real Madrid,4,2.5843210201710463,17.779699720442295,13.596170537173748,La_Liga,2023
4226,Darwin Machís,21,789,4,1.6609838381409645,0,0.7223969530314207,21,11,0,1,M S,Cadiz,3,0.9177062064409256,1.6214497294276953,0.4944714903831482,La_Liga,2023
5159,Marc Cardona,26,692,4,3.430356253869832,1,1.046162724494934,22,8,4,0,F S,Las Palmas,3,2.6870786445215344,4.098069593310356,1.0499781053513288,La_Liga,2023
6076,Nemanja Maksimovic,38,3381,4,5.083175158128142,0,1.093019516672939,34,21,4,0,F M,Getafe,4,5.083175158128142,8.056125676259398,2.84362658392638,La_Liga,2023
6917,Rubén Alcaraz,37,3256,4,3.218607753980905,1,1.4706367831677198,49,21,14,0,M,Cadiz,1,1.7320524961687624,9.142522914335132,7.632076874375343,La_Liga,2023
7308,Ander Barrenetxea,29,1459,4,4.389514604583383,1,1.0995194213464856,37,13,1,0,F M S,Real Sociedad,4,4.389514604583383,9.233631463721396,4.014798982068896,La_Liga,2023
7526,Martín Zubimendi,31,2647,4,2.6000347044318914,1,1.4402537755668163,22,16,5,0,M S,Real Sociedad,4,2.6000347044318914,9.632920825853944,7.485700702294707,La_Liga,2023
7779,Oihan Sancet,30,2041,4,7.619544181972742,5,5.002125304192305,42,42,3,2,M S,Athletic Club,4,6.876266572624445,19.383669286966324,8.901302080601454,La_Liga,2023
8935,Pedri,24,1482,4,3.1283660791814327,2,4.838285274803639,15,37,3,0,F M S,Barcelona,4,3.1283660791814327,17.99414351582527,12.402524460107088,La_Liga,2023
9812,Isi Palazón,37,2854,4,6.335625420324504,1,2.225726639851928,72,36,7,0,F M S,Rayo Vallecano,2,4.849070153199136,10.12043279223144,5.024445602670312,La_Liga,2023
10322,Javier Guerra,36,2512,4,2.65656166523695,1,1.336386915296316,42,12,3,1,F M S,Valencia,4,2.65656166523695,10.262043055146933,6.620698370039463,La_Liga,2023
10943,Samuel Lino,34,2109,4,6.0498463828116655,5,5.474011484533548,54,34,1,0,D M S,Atletico Madrid,4,6.0498463828116655,18.711061470210552,9.383106797933578,La_Liga,2023
11395,Iker Muñoz,28,1857,4,1.440973857417703,0,0.120781245175749,23,5,5,0,M S,Osasuna,4,1.440973857417703,4.938536483794451,4.333449829369783,La_Liga,2023
12305,Isaac Romero,14,1079,4,9.279214672744274,4,2.405117738991976,42,11,2,0,F,Sevilla,4,9.279214672744274,9.81811036914587,0.5587532091885805,La_Liga,2023
897,Juanmi,17,902,3,2.394270528107881,1,1.3814822752028704,14,11,3,0,F S,Cadiz,3,2.394270528107881,3.842763864435256,0.4586437502875924,La_Liga,2023
1055,Aleix García,37,3211,3,1.654544435441494,6,6.332581764552742,39,57,4,1,M S,Girona,3,1.654544435441494,27.95874883979559,26.10125770606101,La_Liga,2023
1145,Rodrigo de Paul,34,2138,3,2.4136575758457184,5,5.956038564443588,30,40,7,0,M S,Atletico Madrid,3,2.4136575758457184,18.401144174858928,12.855113858357072,La_Liga,2023
1450,Umar Sadiq,26,1084,3,4.327728940173984,1,1.3044183999300003,33,10,4,0,F S,Real Sociedad,3,4.327728940173984,5.5899777337908745,0.7982677100226283,La_Liga,2023
1857,David López,25,2004,3,2.560835152864456,0,0.1779922470450401,16,3,4,0,D M,Girona,3,2.560835152864456,11.615245217457414,11.584674993529916,La_Liga,2023
2104,Sergi Roberto,14,861,3,1.7566438242793083,2,0.92743831127882,10,10,4,0,D M S,Barcelona,3,1.7566438242793083,7.062162987887859,5.187547985464335,La_Liga,2023
2106,Munir,38,2529,3,5.857398867607117,2,1.977289479225874,43,24,2,0,F M S,Las Palmas,3,5.114121228456497,6.820673560723662,1.9331548307091,La_Liga,2023
2166,Adrián Embarba,36,2525,3,4.703754590824246,2,4.46298486366868,64,53,5,0,F M S,Almeria,2,3.960476951673627,9.753230541944504,4.130155490711331,La_Liga,2023
2183,Rubén García,30,1565,3,2.8549397652968764,2,3.817399071529508,28,32,1,0,F M S,Osasuna,3,2.8549397652968764,7.513364969752729,2.6561790024861693,La_Liga,2023
2198,Moi Gómez,28,2034,3,2.794319991953671,0,1.1854128642007709,19,24,3,0,F M S,Osasuna,3,2.794319991953671,9.092681156471372,5.7657966474071145,La_Liga,2023
2229,Yuri,27,1927,3,0.930156422778964,1,2.338234329596162,18,14,5,0,D S,Athletic Club,3,0.930156422778964,8.477914944291115,7.352592485025525,La_Liga,2023
2246,Sergio Ramos,28,2520,3,2.363202068023384,0,0.1144642643630504,28,4,7,1,D,Sevilla,3,2.363202068023384,7.144621841609478,6.970444522798061,La_Liga,2023
2253,Lucas Vázquez,29,1385,3,1.4752543810755014,5,5.109131463803351,11,29,0,0,D S,Real Madrid,3,1.4752543810755014,13.438542291522026,9.925284247845411,La_Liga,2023
2335,Pablo Fornals,15,1180,3,2.757550232112408,2,2.4938491079956293,17,23,2,0,M S,Real Betis,3,2.757550232112408,6.276711612939835,2.003740269690752,La_Liga,2023
2378,Daniel Parejo,33,2602,3,2.7543703578412533,5,3.763231922872365,12,35,4,0,M S,Villarreal,0,0.5245375297963619,13.774897009134293,12.096920046955349,La_Liga,2023
2584,Raíllo,26,2200,3,1.0896789133548737,2,1.946201842278242,29,8,4,1,D S,Mallorca,3,1.0896789133548737,3.3288030233234167,2.4110382981598377,La_Liga,2023
3749,Jonathan Bamba,27,2024,3,3.753225581720472,2,4.27307846210897,41,39,0,0,F M S,Celta Vigo,3,3.753225581720472,11.568410554900764,5.41610742919147,La_Liga,2023
5073,Florian Lejeune,37,3330,3,2.7786948457360268,1,1.1222076853737235,64,9,5,0,D,Rayo Vallecano,3,2.7786948457360268,6.015694395639002,5.366033425554633,La_Liga,2023
5074,Kike García,33,1422,3,10.35389361344278,2,1.8036036575213077,57,18,3,0,F S,Alaves,3,9.61061597429216,11.454374939203262,1.9085751418024304,La_Liga,2023
5077,Mikel Vesga,27,1529,3,2.68631455861032,1,1.3270403016358614,19,7,2,0,M S,Athletic Club,1,1.199759339913726,5.111013642512262,3.481826763600111,La_Liga,2023
5179,Jon Guridi,36,2758,3,4.945392818190157,4,4.210919074714184,36,32,2,0,F M S,Alaves,3,4.945392818190157,15.953632154501976,9.553089398890734,La_Liga,2023
5682,Gonçalo Guedes,17,947,3,2.451155014336109,2,1.931647036224604,25,18,0,0,F M S,Villarreal,3,2.451155014336109,5.377200864255428,1.639312908053398,La_Liga,2023
6170,André Silva,19,717,3,2.9928668327629566,0,0.3096608091145754,16,5,1,0,F S,Real Sociedad,2,2.2495892234146595,2.7100992649793625,0.6770922802388668,La_Liga,2023
6533,Anthony Lozano,19,844,3,4.719658374786377,0,0.9141268488019704,27,9,2,0,F S,"Almeria,Getafe",3,4.719658374786377,4.992544200271368,0.7519851960241795,La_Liga,2023
6560,Aurelien Tchouameni,27,1989,3,1.1284832786768677,1,1.016305934637785,27,10,6,0,D M S,Real Madrid,3,1.1284832786768677,14.34218283277005,13.378327887505291,La_Liga,2023
7528,Sergio Camello,31,1686,3,4.553138293325901,1,1.6020972728729248,34,20,3,0,F S,Rayo Vallecano,3,4.553138293325901,9.425828685984015,3.8848830573260784,La_Liga,2023
8002,Rodrigo Riquelme,34,1502,3,3.1890832781791687,5,4.1543308813124895,36,28,1,0,D F M S,Atletico Madrid,3,3.1890832781791687,10.4628825802356,4.837257476523519,La_Liga,2023
8319,Ricard Sánchez,33,2317,3,0.6868337672203779,0,1.7101847026497126,14,23,7,0,D S,Granada,3,0.6868337672203779,4.334156412631273,2.659800657071173,La_Liga,2023
8429,Luka Romero,13,418,3,1.3589543215930462,0,0.0608787722885608,8,2,2,0,M S,Almeria,3,1.3589543215930462,2.419142585247755,1.0623113885521889,La_Liga,2023
8489,Jorge Cuenca,29,1943,3,1.5723481718450785,1,0.2578685991466045,19,6,7,0,D S,Villarreal,3,1.5723481718450785,5.850654125213623,5.564333848655224,La_Liga,2023
9694,Diego López,36,2717,3,4.588101631961763,6,5.838031250052154,40,40,2,0,F M S,Valencia,3,4.588101631961763,11.753942198120058,2.9665117785334587,La_Liga,2023
9970,Antonio Sánchez,29,1484,3,2.456588609144092,1,0.9946272429078816,23,12,3,0,D F M S,Mallorca,3,2.456588609144092,4.210118742659688,1.4729171246290207,La_Liga,2023
10334,Kike Salas,23,1607,3,1.0458727329969406,0,0.247379477135837,16,5,9,0,D S,Sevilla,3,1.0458727329969406,3.0582334231585264,2.7417275570333004,La_Liga,2023
10399,Juan Latasa,33,1557,3,5.340842031873763,0,1.2214664816856384,45,19,5,1,F S,Getafe,3,5.340842031873763,6.516679762862623,1.124325681477785,La_Liga,2023
10975,Largie Ramazani,29,1561,3,5.039075307548046,5,5.374200887046754,40,25,7,2,F M S,Almeria,3,5.039075307548046,10.195076782256365,2.574905341491103,La_Liga,2023
11340,Cyle Larin,35,1834,3,8.655439012683928,2,0.6739965248852968,69,10,8,0,F S,Mallorca,3,8.655439012683928,9.256140869110824,1.6772314738482237,La_Liga,2023
11826,Carlos Benavídez,29,1084,3,1.0416047144681215,1,0.4492913717404008,14,6,5,0,M S,Alaves,3,1.0416047144681215,4.363672302104533,3.6337609300389886,La_Liga,2023
12041,Roman Yaremchuk,25,930,3,4.171886486001313,0,0.2125076241791248,18,6,2,0,F S,Valencia,3,4.171886486001313,4.6312211221084,0.3661166233941912,La_Liga,2023
12160,Alberto Moleiro,28,1817,3,1.88723237067461,3,2.46946167293936,33,27,2,0,F M S,Las Palmas,3,1.88723237067461,5.9564906693995,2.778646009042859,La_Liga,2023
200,Andreas Christensen,30,2071,2,0.7326760925352573,2,1.1259709149599075,11,6,4,0,D M S,Barcelona,2,0.7326760925352573,11.990120647475123,11.355757901445031,La_Liga,2023
451,Matija Nastasic,26,2251,2,1.3440532181411982,0,0.3397770263254642,8,5,8,0,D S,Mallorca,2,1.3440532181411982,3.435213418677449,2.651814231649041,La_Liga,2023
608,Alberto Moreno,27,1507,2,1.2026363052427769,2,1.7425644844770432,17,16,1,2,D M S,Villarreal,2,1.2026363052427769,8.26783012598753,5.657957712188363,La_Liga,2023
644,Erik Lamela,13,443,2,1.7779102623462677,0,1.3970007188618183,9,12,3,0,M S,Sevilla,2,1.7779102623462677,3.96923715993762,1.89701737370342,La_Liga,2023
2070,Carlos Fernández,10,407,2,1.4206017851829529,1,0.437736451625824,9,2,2,0,F S,Real Sociedad,1,0.6773241832852364,0.8234930839389563,0.0505063440650701,La_Liga,2023
2094,Ivan Rakitic,18,1438,2,1.0803361106663942,1,3.3129946729168296,32,49,6,0,M S,Sevilla,2,1.0803361106663942,4.866999372839928,3.6569386990740895,La_Liga,2023
2110,Rubén Duarte,28,1882,2,0.778625306673348,1,1.666043220087886,15,17,7,0,D S,Alaves,2,0.778625306673348,4.890459792688489,4.110139857977629,La_Liga,2023
2168,Bebé,19,157,2,1.548812891356647,0,0.2659009620547294,16,3,1,0,S,Rayo Vallecano,1,0.8055352820083499,1.5149233266711235,0.8059836337342858,La_Liga,2023
2250,Luka Modric,32,1673,2,1.234472492709756,6,7.648128478787839,25,55,2,0,M S,Real Madrid,2,1.234472492709756,17.069808715954423,14.450822414830329,La_Liga,2023
2358,Jonathan Viera,21,1569,2,3.419524535536766,4,3.984316235408187,26,45,2,1,F M S,"Almeria,Las Palmas",0,1.93309722840786,9.009981509298086,5.22716449201107,La_Liga,2023
2379,João Cancelo,32,2522,2,2.178373849950731,4,6.667653251439333,31,35,7,0,D M S,Barcelona,2,2.178373849950731,20.926805324852467,15.549591969698668,La_Liga,2023
2401,Muniain,20,567,2,2.1089497916400437,0,0.8693453073501587,13,13,1,0,M S,Athletic Club,2,2.1089497916400437,4.539409592747688,2.599403072148561,La_Liga,2023
2566,Roger,24,1464,2,2.6313201300799847,3,3.441865175962448,36,12,3,0,F S,Cadiz,2,2.6313201300799847,5.959322208538652,1.5697756428271532,La_Liga,2023
2589,Rafa Mir,15,350,2,1.5057746144011617,0,0.2619092240929603,15,5,1,0,F S,Sevilla,2,1.5057746144011617,1.872372434474528,0.1251072380691766,La_Liga,2023
2594,Sergio Akieme,19,1681,2,1.317646473646164,0,2.537110412493348,9,17,2,0,D M,Almeria,2,1.317646473646164,7.06900847516954,4.766819188371301,La_Liga,2023
2621,Sergi Darder,36,2130,2,1.7865178659558296,5,5.888831946998835,32,51,4,0,M S,Mallorca,2,1.7865178659558296,7.913182632997632,3.5740005373954773,La_Liga,2023
3059,Axel Witsel,35,2762,2,1.1863595861941576,0,0.3938517831265926,6,3,5,0,D S,Atletico Madrid,2,1.1863595861941576,14.69416292756796,14.316268928349018,La_Liga,2023
4168,Javi Muñoz,37,2659,2,3.1554005797952414,3,1.6818826254457235,38,24,6,0,M S,Las Palmas,2,3.1554005797952414,9.510037542320788,5.553472641855478,La_Liga,2023
5086,Marc Roca,26,2023,2,1.066370977088809,2,1.9638910461217165,20,19,5,0,M S,Real Betis,2,1.066370977088809,10.028404958546162,8.13139932602644,La_Liga,2023
5173,Asier Villalibre,18,456,2,2.615739949978888,1,1.1547473296523094,12,9,0,0,F S,Athletic Club,2,2.615739949978888,3.5155712459236383,0.4210262224078178,La_Liga,2023
6241,Federico Valverde,37,2931,2,4.201607981696725,7,6.22173410281539,56,49,2,0,M S,Real Madrid,2,4.201607981696725,27.96735017001629,20.866584636271,La_Liga,2023
6427,Aitor Ruibal,18,1040,2,1.2375148171558976,1,1.127075096592307,13,10,5,0,D M S,Real Betis,2,1.2375148171558976,4.722409792244434,3.3653818890452385,La_Liga,2023
6470,José Arnáiz,26,922,2,1.793456044048071,1,2.62796001508832,29,14,3,0,F M S,Osasuna,2,1.793456044048071,3.397945187985897,1.706015819683671,La_Liga,2023
6955,Ezequiel Ávila,23,1177,2,2.761871500872076,3,1.9776590215042236,36,23,5,3,F M S,"Osasuna,Real Betis",2,2.761871500872076,7.255484355613589,3.985528225079179,La_Liga,2023
7070,Santiago Comesaña,27,1645,2,2.165256801992655,0,1.4374671690165997,17,12,6,2,M S,Villarreal,2,2.165256801992655,7.749161342158914,5.864406324923039,La_Liga,2023
7246,Valery Fernández,27,405,2,0.948156202211976,0,0.7140233628451824,5,6,1,0,M S,Girona,2,0.948156202211976,5.432346967048943,4.0496402168646455,La_Liga,2023
7276,Robin Le Normand,29,2484,2,0.8448614859953523,0,0.1142949070781469,9,3,13,0,D S,Real Sociedad,2,0.8448614859953523,7.548361234366894,7.5338910184800625,La_Liga,2023
7432,Reinildo,16,713,2,1.2540149614214895,1,0.6998050753027201,5,5,2,0,D S,Atletico Madrid,2,1.2540149614214895,3.792576534673572,2.960359640419483,La_Liga,2023
7781,Frenkie de Jong,20,1641,2,1.0600792113691568,0,2.509486421942711,7,21,7,0,D M,Barcelona,2,1.0600792113691568,17.80471708625555,15.505143828690052,La_Liga,2023
7841,Dani Rodríguez,36,2672,2,1.548793044872582,4,5.381772861815989,27,50,8,0,F M S,Mallorca,2,1.548793044872582,8.062609313055873,4.183748701587319,La_Liga,2023
7882,Sheraldo Becker,15,769,2,1.9461984522640705,2,1.6168914884328842,21,8,1,0,F M S,Real Sociedad,2,1.9461984522640705,3.5689502712339163,0.4457260128110647,La_Liga,2023
8107,Jorge De Frutos,36,1499,2,4.203992499038577,0,1.2770522255450487,29,17,1,0,M S,Rayo Vallecano,2,4.203992499038577,7.655280977487564,2.874981191009283,La_Liga,2023
8142,Edgar González,31,2541,2,1.9409231208264828,0,0.300341859459877,13,7,5,1,D M S,Almeria,2,1.9409231208264828,5.982757529243827,5.704114023596048,La_Liga,2023
8267,Guido Rodríguez,24,1865,2,0.7606446947902441,0,0.7604827135801315,18,4,6,0,M S,Real Betis,2,0.7606446947902441,6.565757455304265,5.561212830245495,La_Liga,2023
8417,Álex Baena,34,2665,2,6.942582780495286,14,10.450773367658256,73,84,11,1,F M S,Villarreal,2,6.1993051785975695,18.36723465844989,7.157092597335577,La_Liga,2023
8424,Aimar Oroz,33,2370,2,2.920883681625128,1,2.4306202111765742,25,26,3,0,M S,Osasuna,1,2.1776060722768307,11.14612780790776,7.546972875483334,La_Liga,2023
8513,Miguel Gutiérrez,35,3058,2,2.810915406793356,7,9.733721763826908,35,42,4,0,D,Girona,2,2.810915406793356,25.91285879164934,19.389349835924804,La_Liga,2023
8963,Nahuel Molina,30,1845,2,1.3038488682359457,3,2.7496361136436462,12,19,4,1,D S,Atletico Madrid,2,1.3038488682359457,13.15212426148355,10.882931523025036,La_Liga,2023
9011,Óscar Mingueza,38,2998,2,2.3126691011711955,2,5.042737593874335,28,49,4,0,D F M S,Celta Vigo,2,2.3126691011711955,16.73545361869037,13.703091602772474,La_Liga,2023
9324,Facundo Pellistri,15,1242,2,2.189263768494129,1,0.9153640922158957,17,18,0,1,F M S,Granada,2,2.189263768494129,3.3937868252396584,1.4023651368916037,La_Liga,2023
9958,Yerson Mosquera,16,1231,2,1.1751275416463614,1,0.2924861721694469,10,5,4,0,D S,Villarreal,2,1.1751275416463614,5.195367939770222,5.021152634173632,La_Liga,2023
10121,Ilias Akhomach,31,1517,2,2.8520439928397536,2,2.783080594614148,30,20,4,0,F M S,Villarreal,2,2.8520439928397536,7.819413809105754,3.0658173207193613,La_Liga,2023
10412,Gastón Álvarez,35,2628,2,1.4335118364542725,0,0.7242664946243167,14,7,7,0,D S,Getafe,2,1.4335118364542725,4.232770146802068,3.5136727215722203,La_Liga,2023
11057,André Almeida,18,991,2,0.5475282277911901,1,1.376497931778431,10,13,0,0,F M S,Valencia,2,0.5475282277911901,3.805688476189971,2.962751304730773,La_Liga,2023
11531,Unai Gómez,25,839,2,1.7401139978319409,0,0.8440086068585515,16,12,1,0,M S,Athletic Club,2,1.7401139978319409,3.611395625397563,1.5755526795983317,La_Liga,2023
11742,Álex Suárez,32,2589,2,2.2428878135979176,0,0.2274227906018495,7,6,7,0,D S,Las Palmas,2,2.2428878135979176,2.811455954797566,2.659366096369922,La_Liga,2023
11746,Pejiño,17,489,2,1.2113106455653906,0,0.3578695189207792,17,9,0,0,F M S,Las Palmas,2,1.2113106455653906,2.024031599983573,0.5163136906921864,La_Liga,2023
11747,Juan Herzog,4,290,2,0.6798617094755173,0,0.0,3,0,1,0,D S,Las Palmas,2,0.6798617094755173,0.2586515843868255,0.2586515843868255,La_Liga,2023
12081,Assane Diao,18,1093,2,3.3369423635303974,0,0.5736600309610367,21,11,4,0,F M S,Real Betis,2,3.3369423635303974,4.840794697403908,2.2125620525330305,La_Liga,2023
12294,Carlos Vicente,18,1125,2,2.099360242486,4,4.537976810708642,15,33,1,0,M S,Alaves,2,2.099360242486,5.820134531706572,0.6914112120866776,La_Liga,2023
12299,Bruno Méndez,17,1339,2,0.3977752877399325,0,0.1248152693733573,8,4,4,0,D S,Granada,2,0.3977752877399325,1.7927039675414562,1.6345273982733488,La_Liga,2023
12302,Vitor Roque,14,298,2,2.888690084218979,0,0.060693223029375,13,1,2,1,F S,Barcelona,2,2.888690084218979,2.972983691841364,0.0236003845930099,La_Liga,2023
548,Daley Blind,34,2971,1,2.129695435985923,2,1.2106527229771018,16,17,6,0,D S,Girona,1,2.129695435985923,24.09246441349387,23.50267488136888,La_Liga,2023
572,Etienne Capoue,32,1407,1,1.383053512312472,1,0.934924954548478,14,9,8,0,M S,Villarreal,1,1.383053512312472,7.873502869158983,6.262989364564419,La_Liga,2023
695,Bertrand Traoré,11,568,1,1.030176293104887,0,0.4050034135580063,20,5,4,0,M S,Villarreal,1,1.030176293104887,3.7249467335641375,2.3592448234558105,La_Liga,2023
696,Falcao,22,330,1,2.7179346177726984,0,0.4753551241010427,17,4,3,0,F S,Rayo Vallecano,0,1.9746569897979496,1.6436348035931587,0.1840809043496847,La_Liga,2023
1003,Pablo Maffeo,22,1467,1,1.0679006753489375,2,0.7505094222724438,10,10,3,0,D S,Mallorca,1,1.0679006753489375,4.110106518492103,2.8312632646411657,La_Liga,2023
1078,Sergi Canos,27,1245,1,3.1207109168171883,2,2.454174777492881,43,12,1,0,M S,Valencia,1,3.1207109168171883,6.818596877157688,2.015315644443035,La_Liga,2023
1129,Suso,29,1512,1,1.3368166759610176,4,5.227224212139845,26,40,5,1,F M S,Sevilla,1,1.3368166759610176,8.484955254942179,5.2473676316440105,La_Liga,2023
1680,Luis Hernández,9,721,1,0.9484918117523192,0,0.3413344025611877,1,6,4,0,D S,Cadiz,1,0.9484918117523192,1.1536532118916512,0.8123188018798828,La_Liga,2023
1822,Antonio Rüdiger,33,2704,1,1.827603718265891,0,1.1107329986989498,19,5,7,0,D S,Real Madrid,1,1.827603718265891,18.69485248811543,17.799246959388256,La_Liga,2023
2130,Dani García,17,717,1,1.0434326827526093,0,0.1607107818126678,6,2,4,0,M S,Athletic Club,1,1.0434326827526093,2.9731606133282185,1.9294682443141935,La_Liga,2023
2143,Germán Pezzella,32,2794,1,2.001612448133528,0,0.6059935558587313,23,4,7,0,D,Real Betis,1,2.001612448133528,6.906882889568806,6.8436340764164925,La_Liga,2023
2266,Saúl Ñíguez,34,1321,1,1.536744553595781,4,3.2573720682412386,16,13,8,1,M S,Atletico Madrid,1,1.536744553595781,7.874309295788407,3.537319257855416,La_Liga,2023
2369,Toni Kroos,33,2152,1,1.7282002866268158,8,6.074183616787195,35,62,3,0,M S,Real Madrid,1,1.7282002866268158,19.829758189618587,18.521783612668514,La_Liga,2023
2400,Raúl García,20,359,1,0.8854227997362614,0,0.0,10,0,3,0,F S,Athletic Club,1,0.8854227997362614,0.6820256561040878,0.062103483825922,La_Liga,2023
2437,Gonzalo Escalante,26,1790,1,1.5264770975336432,2,1.464338380843401,15,11,2,1,M S,Cadiz,1,1.5264770975336432,3.778125042095781,3.027462931349873,La_Liga,2023
2452,De Marcos,28,2261,1,0.9442514274269342,5,3.225184014067054,5,21,5,0,D S,Athletic Club,1,0.9442514274269342,12.379830218851566,10.082095950841904,La_Liga,2023
2505,José Gayá,24,1823,1,0.6903985943645239,2,2.948830856010318,10,24,3,0,D S,Valencia,1,0.6903985943645239,8.297749947756529,6.486939322203398,La_Liga,2023
2521,Alfonso,19,1122,1,0.7673241011798382,3,3.281064536422491,9,20,4,1,D M S,Villarreal,1,0.7673241011798382,5.181222092360258,2.83334302995354,La_Liga,2023
2537,Sandro Ramírez,27,1843,1,4.187466069124639,3,3.5517972512170672,51,31,2,0,F M S,Las Palmas,1,3.4441884150728583,6.363823507912457,2.0989825716242194,La_Liga,2023
2624,Djibril Sow,24,1499,1,1.6027095206081867,1,1.044075457379222,18,15,6,0,M S,Sevilla,1,1.6027095206081867,6.618328319862485,4.244942573830485,La_Liga,2023
3237,Aissa Mandi,16,1110,1,0.7814082130789757,0,0.4293010160326957,4,2,3,0,D S,Villarreal,1,0.7814082130789757,4.181226946413517,3.734291456639767,La_Liga,2023
3667,Nabil Fekir,19,1052,1,2.299122029915452,2,2.2748832907527685,27,30,1,0,F M S,Real Betis,1,2.299122029915452,4.824952717870474,2.524621143937111,La_Liga,2023
4091,Unai López,35,2184,1,0.8788710786029696,2,2.645142774097621,32,31,8,0,M S,Rayo Vallecano,1,0.8788710786029696,6.50930130854249,4.759890879504383,La_Liga,2023
4113,Cristian Herrera,8,139,1,0.8265172243118286,0,0.0221527460962533,1,1,1,0,M S,Las Palmas,1,0.8265172243118286,1.6205731108784676,0.794055886566639,La_Liga,2023
4229,Raúl de Tomás,25,1295,1,3.9389174664393063,2,1.1559236701577902,39,8,5,0,F S,Rayo Vallecano,0,3.1956398589536548,5.204008745960891,2.344203056767583,La_Liga,2023
4242,Stefan Mitrovic,11,721,1,0.1143389642238617,0,0.4140972308814525,1,2,3,0,D S,Getafe,1,0.1143389642238617,0.8236163817346096,0.4095191545784473,La_Liga,2023
5041,Benito Ramírez,20,331,1,0.4952068980783224,1,0.4986361414194107,10,2,0,0,M S,Las Palmas,1,0.4952068980783224,1.859892396256328,1.0042459890246391,La_Liga,2023
5058,Carles Aleñá,30,1039,1,1.577088724821806,1,1.884065702557564,16,17,5,0,M S,Getafe,1,1.577088724821806,2.7812199518084526,1.221043431200087,La_Liga,2023
5141,Unai García,9,558,1,0.0831124559044838,0,0.0066396472975611,2,1,3,1,D S,Osasuna,1,0.0831124559044838,1.044558867812157,1.044558867812157,La_Liga,2023
5162,Nacho Vidal,15,494,1,1.3824303150177002,0,0.2116242218762636,11,4,2,0,D S,"Mallorca,Osasuna",1,1.3824303150177002,1.89184083417058,0.8223285786807537,La_Liga,2023
5212,Sergi Guardiola,22,386,1,1.910371983423829,1,1.0110417641699314,12,4,1,0,F S,Cadiz,1,1.910371983423829,3.719693067483604,1.2106836950406432,La_Liga,2023
5666,Mouctar Diakhaby,14,1081,1,1.1500477269291878,0,0.0328477164730429,7,2,6,0,D M S,Valencia,1,1.1500477269291878,2.144415302202105,2.007977155968547,La_Liga,2023
6126,Ander Guevara,37,2951,1,0.5625613089650869,0,0.994552617892623,16,21,7,0,M S,Alaves,1,0.5625613089650869,8.876669323071837,8.04570441506803,La_Liga,2023
6149,Unai Núñez,34,2807,1,2.559862903319299,0,0.5769859924912453,21,10,4,0,D S,Celta Vigo,1,2.559862903319299,9.434673003852367,9.207855448126791,La_Liga,2023
6306,Juan Foyth,12,1066,1,0.9108466282486916,1,0.8086542831733823,6,5,1,0,D,Villarreal,1,0.9108466282486916,3.285667860880494,2.5356477182358503,La_Liga,2023
6325,Andoni Gorosabel,36,2884,1,0.6708051897585392,0,1.9685864513739944,15,15,7,0,D M S,Alaves,1,0.6708051897585392,8.044700527563691,6.260708058252931,La_Liga,2023
6433,Jules Koundé,35,2887,1,1.76188949868083,2,2.466757703572512,24,23,4,0,D S,Barcelona,1,1.76188949868083,23.405811548233032,22.4094820022583,La_Liga,2023
6442,Ignasi Miquel,34,3003,1,1.4515733113512397,1,1.3224067045375705,20,12,5,0,D S,Granada,1,1.4515733113512397,5.336938146967441,4.783442651387304,La_Liga,2023
6570,Óscar Rodríguez,25,973,1,1.608869817107916,1,1.426833689212799,34,21,10,0,F M S,Getafe,1,1.608869817107916,5.656665023416281,3.20871976390481,La_Liga,2023
6740,Miguel Ángel Rubio,19,1544,1,0.9288409631699324,0,0.184600330889225,9,2,5,0,D S,Granada,1,0.9288409631699324,2.3108114898204803,2.1262111961841583,La_Liga,2023
6750,Gonzalo Villar,35,1787,1,1.4651812510564923,3,1.4083677809685469,22,13,7,0,F M S,Granada,1,1.4651812510564923,5.990052342414856,3.5424873642623425,La_Liga,2023
6926,William Carvalho,22,604,1,0.3391710165888071,3,0.833967974409461,8,10,2,0,M S,Real Betis,1,0.3391710165888071,3.33754407428205,3.022481644526124,La_Liga,2023
6953,Gonzalo Melero,28,1062,1,2.3216972649097443,1,1.2438790807500482,14,11,3,0,F M S,Almeria,1,2.3216972649097443,6.897926954552531,4.402093879878521,La_Liga,2023
7050,Lucas Torró,28,1791,1,1.4957571886479857,0,0.6539105530828238,30,9,5,0,M S,Osasuna,1,1.4957571886479857,5.143669301643968,3.7087611369788647,La_Liga,2023
7174,Adrià Pedrosa,31,1705,1,0.676932604983449,4,3.719353220425546,16,27,1,0,D S,Sevilla,1,0.676932604983449,5.681037684902549,3.735473511740565,La_Liga,2023
7286,Juan Miranda,25,1871,1,2.5544359046034515,1,2.2766245119273663,15,21,8,0,D S,Real Betis,1,2.5544359046034515,9.58624094352126,6.43008853495121,La_Liga,2023
7406,Sory Kaba,17,721,1,1.7437660470604897,1,0.3312440663576126,13,6,2,0,F S,Las Palmas,1,1.7437660470604897,2.6371102891862392,0.6072471812367439,La_Liga,2023
7600,Luca De La Torre,31,1968,1,2.601727206259966,4,1.6357177440077066,24,17,2,1,F M S,Celta Vigo,1,2.601727206259966,9.558848209679129,6.624843729659915,La_Liga,2023
7604,Alejandro Catena,30,2543,1,2.216797783970833,3,1.2513669654726982,18,6,8,1,D S,Osasuna,1,2.216797783970833,5.49226139485836,5.339984819293022,La_Liga,2023
7609,Carles Pérez,16,764,1,1.3790044747292995,1,1.3671489879488945,24,10,3,0,D M S,Celta Vigo,1,1.3790044747292995,4.660734243690968,2.777670806273818,La_Liga,2023
7655,Carl Starfelt,27,2232,1,2.107007630169392,0,0.1059861797839403,12,2,4,0,D S,Celta Vigo,1,2.107007630169392,5.27281042560935,5.27281042560935,La_Liga,2023
7845,Aleksander Sedlar,11,958,1,0.2245315322652459,0,0.0684859901666641,4,2,2,0,D,Alaves,1,0.2245315322652459,3.772087436169386,3.703601475805044,La_Liga,2023
7857,Jon Moncayola,33,1800,1,0.9331170525401832,3,2.5943564297631383,16,21,2,1,F M S,Osasuna,1,0.9331170525401832,7.213975889608264,5.365969069302082,La_Liga,2023
7888,Nemanja Gudelj,22,1745,1,0.7564000599086285,1,0.7040673717856407,19,7,7,0,D M S,Sevilla,1,0.7564000599086285,2.8698927480727434,2.7067639399319887,La_Liga,2023
7905,Fede San Emeterio,4,164,1,0.1277366429567337,0,0.0737049728631973,1,1,1,1,M S,Cadiz,1,0.1277366429567337,0.297201007604599,0.2234960347414016,La_Liga,2023
8091,Ronald Araújo,25,1992,1,2.4427372300997376,2,1.7349820882081983,23,8,6,0,D S,Barcelona,1,2.4427372300997376,12.875288758426905,11.938473954796793,La_Liga,2023
8334,Hugo Guillamón,26,1262,1,0.1433142628520727,0,0.2364084236323833,3,7,7,0,M S,Valencia,1,0.1433142628520727,3.1233228221535683,2.9077119259163737,La_Liga,2023
8413,Javier López,32,2377,1,0.8477662242949009,3,2.7234498150646687,18,14,3,0,D S,Alaves,1,0.8477662242949009,9.449958447366951,6.395732913166285,La_Liga,2023
8422,Javi Hernández,31,2613,1,1.993790135718882,2,2.1685356460511684,31,32,11,0,D S,Cadiz,1,1.993790135718882,6.219473441597074,4.068691070657224,La_Liga,2023
8423,Jon Pacheco Dozagarat,23,1499,1,1.0531192943453789,1,0.3983447253704071,6,3,8,0,D S,Real Sociedad,1,1.0531192943453789,5.409035062417388,5.0308004301041365,La_Liga,2023
8470,Kike Pérez,24,820,1,1.450000587850809,0,0.5529084540903568,13,7,7,0,F M S,Rayo Vallecano,1,1.450000587850809,3.1939980909228325,1.7989067155867815,La_Liga,2023
8760,Arsen Zakharyan,29,1246,1,2.4437440503388643,2,2.343281362205744,33,26,1,0,F M S,Real Sociedad,1,2.4437440503388643,5.965398781001568,3.8657787907868624,La_Liga,2023
8765,Roberto Navarro,29,2029,1,2.999608102254569,1,3.741502471268177,32,45,0,1,M S,Cadiz,1,2.999608102254569,7.7469913847744465,3.1558670178055763,La_Liga,2023
8939,Marcos Acuña,21,1340,1,0.428915673866868,2,2.0705395191907883,9,23,7,0,D S,Sevilla,1,0.428915673866868,5.24521953985095,3.3911742232739925,La_Liga,2023
8948,Aitor Paredes,34,2727,1,1.3154027927666905,0,0.1645672395825386,13,4,6,1,D S,Athletic Club,1,1.3154027927666905,8.53143885359168,8.53143885359168,La_Liga,2023
9209,Theo Corbeanu,9,180,1,0.1839280016720295,0,0.0,5,0,2,0,M S,Granada,1,0.1839280016720295,0.0918646361678838,0.01854850910604,La_Liga,2023
9217,Jesús Vázquez,20,671,1,1.404348136857152,0,0.0443531339988112,7,3,1,0,D S,Valencia,1,1.404348136857152,2.6566368248313665,1.306158907711506,La_Liga,2023
9755,Inigo Ruiz de Galarreta,29,2140,1,0.3331029573455453,1,2.6309501454234123,11,27,7,0,M S,Athletic Club,1,0.3331029573455453,10.054476633667946,8.725870177149773,La_Liga,2023
9768,Jesús Areso,37,2667,1,0.1742449877783656,6,3.528580255806446,9,36,3,0,D S,Osasuna,1,0.1742449877783656,8.42346422933042,6.302987055853009,La_Liga,2023
9796,Giuliano Simeone,14,617,1,2.7372554913163185,2,2.2005359139293432,15,11,1,0,M S,Alaves,1,1.993977852165699,6.374225340783596,2.682699700817466,La_Liga,2023
9804,Gavi,12,939,1,1.0798097513616085,1,1.3673980422317982,10,11,5,0,F M S,Barcelona,1,1.0798097513616085,7.008280975744128,5.830359412357211,La_Liga,2023
9809,José Ángel Carmona,31,1401,1,0.7732128351926804,1,1.20351280272007,12,11,8,0,D M S,Getafe,1,0.7732128351926804,4.321316052228212,2.7777864895761013,La_Liga,2023
9810,Fran García,25,1377,1,0.8616898478940129,5,2.605682753026485,9,16,2,0,D S,Real Madrid,1,0.8616898478940129,10.99445502087474,8.379380259662867,La_Liga,2023
9811,Óscar Valentín,34,2728,1,2.517518602311611,0,0.7553664008155465,15,11,5,1,M S,Rayo Vallecano,1,2.517518602311611,6.878373552113771,6.031045524403453,La_Liga,2023
9813,Randy Nteka,16,548,1,2.323896234855056,1,1.2020751107484102,15,9,3,0,F S,Rayo Vallecano,0,1.5806185957044363,2.8216016944497824,0.3198093120008707,La_Liga,2023
9815,Pathé Ciss,31,1624,1,1.4027741933241489,0,0.4211129285395145,22,11,10,0,D M S,Rayo Vallecano,1,1.4027741933241489,4.941405242308974,3.482982475310564,La_Liga,2023
10078,Hugo Álvarez,12,766,1,1.0486868023872375,1,2.21878731995821,12,19,1,0,D F S,Celta Vigo,1,1.0486868023872375,7.985994607210159,5.228383045643568,La_Liga,2023
10095,Abdessamad Ezzalzouli,28,839,1,4.379430050030351,0,0.4825019761919975,38,6,1,0,M S,"Barcelona,Real Betis",1,3.6361524406820536,5.90100547298789,2.308239759877324,La_Liga,2023
10128,Javi Llabrés,16,191,1,0.787030310370028,0,0.2734225504100323,9,5,1,0,M S,Mallorca,1,0.787030310370028,0.9985162997618318,0.1264108791947364,La_Liga,2023
10189,Marc Pubill,23,1907,1,0.8252652809023857,3,1.7033800836652515,20,22,2,0,D S,Almeria,1,0.8252652809023857,4.610900083556771,3.019310286268592,La_Liga,2023
10364,Nahuel Tenaglia,25,1111,1,0.7715793494135141,0,0.4839693661779165,8,6,5,0,D S,Alaves,1,0.7715793494135141,4.1249495428055525,3.550118513405323,La_Liga,2023
10371,Giovanni González,34,2477,1,0.5446585230529308,1,1.3406448289752009,14,21,5,0,D S,Mallorca,1,0.5446585230529308,5.486550766974688,4.530075024813414,La_Liga,2023
10561,Jesús Santiago,15,741,1,0.644088888540864,0,0.3622183762490749,6,7,4,0,M S,Getafe,1,0.644088888540864,1.0281095672398806,0.2448506345972418,La_Liga,2023
10857,Pablo Ibáñez,33,1126,1,2.0689656753093004,2,1.3134953267872334,27,12,3,0,M S,Osasuna,1,2.0689656753093004,4.280975911766291,1.9462436437606807,La_Liga,2023
10944,Fran Pérez,32,2135,1,1.1978931091725826,4,3.3480407260358334,20,19,4,0,M S,Valencia,1,1.1978931091725826,7.534912073984742,3.509936761111021,La_Liga,2023
10946,Yan Couto,34,2244,1,1.82208695076406,8,4.980193942785263,29,27,8,0,D F M S,Girona,1,1.82208695076406,19.296333955600858,16.317308470606804,La_Liga,2023
10970,Kaiky,8,512,1,0.2039155699312687,0,0.0341274254024028,3,1,2,0,D S,Almeria,1,0.2039155699312687,1.0525648519396782,0.8930088393390179,La_Liga,2023
10974,Samú Costa,34,2307,1,1.5485040042549372,1,0.4910073233768344,22,12,8,0,M S,Mallorca,1,1.5485040042549372,4.817893960513175,4.284698486328125,La_Liga,2023
10982,Copete,19,1355,1,0.4413056410849094,1,0.6440806742757559,7,4,7,0,D S,Mallorca,1,0.4413056410849094,0.7527758441865444,0.6495289858430624,La_Liga,2023
11042,Marko Milovanovic,11,279,1,0.792152613401413,0,0.1752990186214447,5,2,0,0,F S,Almeria,1,0.792152613401413,1.8793186098337171,0.9769823253154756,La_Liga,2023
11071,Brian Ocampo,13,201,1,0.2481075935065746,0,0.1097212843596935,5,2,2,0,M S,Cadiz,1,0.2481075935065746,1.3427426051348448,1.0034629348665476,La_Liga,2023
11087,Pep Chavarría,22,1149,1,0.9431706629693508,1,1.0317076318897307,11,13,3,1,D M S,Rayo Vallecano,1,0.9431706629693508,4.356292314827442,2.8271502293646336,La_Liga,2023
11105,Abdul Mumin,20,1698,1,0.6516401516273618,0,0.4911184320226311,6,4,5,1,D S,Rayo Vallecano,1,0.6516401516273618,3.1330819092690945,2.766486033797264,La_Liga,2023
11412,Alberto Mari,16,229,1,1.9944591969251635,1,0.9537389390170574,7,6,0,0,F S,Valencia,0,1.2511815503239632,2.6446703039109707,0.6212776899337769,La_Liga,2023
11633,Marc Guiu,3,75,1,0.9520300701260568,0,0.3236564397811889,4,1,1,0,F S,Barcelona,1,0.9520300701260568,1.3621556162834167,0.0864691063761711,La_Liga,2023
11741,Saúl Coco,30,2286,1,0.850907270796597,0,0.0172934103757143,20,1,6,1,D S,Las Palmas,1,0.850907270796597,2.8640661789104342,2.7888443991541862,La_Liga,2023
11744,Sergi Cardona,35,2813,1,2.3810415733605623,2,3.153697572648525,26,39,9,0,D S,Las Palmas,1,2.3810415733605623,7.9747383035719395,5.03214128408581,La_Liga,2023
11745,Julián Araujo,25,1448,1,0.925544673576951,0,1.1897415593266487,7,16,5,0,D S,Las Palmas,1,0.925544673576951,3.5234330277889967,1.6969562005251646,La_Liga,2023
11824,Lucas Pires,29,1485,1,0.8230944480746984,0,1.861044006422162,11,23,6,0,D S,Cadiz,1,0.8230944480746984,3.803584365639836,1.9846527273766696,La_Liga,2023
11825,Abderrahmane Rebbach,23,681,1,1.1461342638358474,0,1.7387915328145027,17,18,1,0,M S,Alaves,1,1.1461342638358474,2.8438005410134792,0.5110004432499409,La_Liga,2023
11953,Sergi Altimira,14,564,1,0.2386123361065983,0,0.1252301689237356,7,4,1,0,M S,Real Betis,1,0.2386123361065983,1.3789741024374962,1.1615048851817846,La_Liga,2023
12323,Johnny Cardoso,17,1347,1,1.400701679289341,2,0.4572103656828403,12,8,3,0,M S,Real Betis,1,1.400701679289341,2.722668305039406,2.138847252354026,La_Liga,2023
12403,Bruno Langa,11,821,1,0.3603680580854416,0,0.344120305031538,8,7,1,1,D S,Almeria,1,0.3603680580854416,1.9400840550661087,1.3523537842556834,La_Liga,2023
12423,Tadeo Allende,10,310,1,1.3809997532516718,0,0.3619154244661331,9,2,1,0,M S,Celta Vigo,1,1.3809997532516718,2.2853086832910776,0.7870679534971714,La_Liga,2023
250,Ørjan Nyland,24,2160,0,0.0,0,0.3358997460454702,0,2,1,0,GK,Sevilla,0,0.0,5.452713521197438,5.116813780739904,La_Liga,2023
323,Adnan Januzaj,8,174,0,0.4951215237379074,0,0.0524380793794989,6,2,0,0,S,Sevilla,0,0.4951215237379074,0.5302753280848265,0.020418656989932,La_Liga,2023
371,Sokratis,15,1128,0,0.146733857691288,0,0.0388076640665531,2,1,6,0,D S,Real Betis,0,0.146733857691288,2.855895947664976,2.855895947664976,La_Liga,2023
391,David Alaba,14,1154,0,1.2931234426796436,1,0.8402687106281519,14,10,2,0,D,Real Madrid,0,1.2931234426796436,6.041483221575618,5.476463763043284,La_Liga,2023
492,Héctor Bellerín,23,1704,0,0.3341669738292694,1,1.9478861335664988,2,15,0,1,D M S,Real Betis,0,0.3341669738292694,6.715505924075842,5.353044997900724,La_Liga,2023
493,Gabriel,23,1821,0,0.4024024158716202,0,0.3212538585066795,8,4,5,1,D S,"Atletico Madrid,Valencia",0,0.4024024158716202,5.430678362958133,5.303734355606139,La_Liga,2023
497,Francis Coquelin,17,910,0,0.1641912348568439,0,0.0949985831975936,3,1,4,0,M S,Villarreal,0,0.1641912348568439,4.41907699033618,4.271606404334307,La_Liga,2023
552,Ander Herrera,23,1010,0,0.7731333766132593,3,1.467544499784708,14,12,4,0,M S,Athletic Club,0,0.7731333766132593,4.63287403061986,3.9313354566693306,La_Liga,2023
615,Fernando,8,450,0,0.0171756707131862,0,0.7489490881562233,1,2,0,0,M S,Sevilla,0,0.0171756707131862,1.6335179647430778,0.9835764011368155,La_Liga,2023
616,Jesús Navas,29,2032,0,0.1678512850776314,2,3.4736319854855537,7,23,5,1,D S,Sevilla,0,0.1678512850776314,8.608703004196286,6.22283641807735,La_Liga,2023
680,Thibaut Courtois,4,336,0,0.0,0,0.1762250810861587,0,1,0,0,GK,Real Madrid,0,0.0,2.6165935900062323,2.4403685238212347,La_Liga,2023
681,César Azpilicueta,25,1411,0,0.4941818416118622,2,2.6341477148234844,2,15,4,0,D S,Atletico Madrid,0,0.4941818416118622,12.240258498117328,10.218506569042802,La_Liga,2023
842,Oriol Romeu,28,932,0,0.4870307557284832,1,1.0925833769142628,10,7,4,0,M S,Barcelona,0,0.4870307557284832,6.967861384153366,5.97800425440073,La_Liga,2023
973,Paulo Gazzaniga,38,3420,0,0.0,0,0.2728084586560726,0,3,2,0,GK,Girona,0,0.0,11.87281447276473,11.617830585688353,La_Liga,2023
1374,José Reina,2,180,0,0.0,0,0.0,0,0,0,0,GK,Villarreal,0,0.0,0.3935121893882751,0.3935121893882751,La_Liga,2023
1382,José Callejón,25,763,0,1.4001540020108223,1,1.5133505389094353,11,16,2,0,D F M S,Granada,0,1.4001540020108223,5.023295275866985,3.422605959698558,La_Liga,2023
1428,Ianis Hagi,22,786,0,2.3040251582860947,2,2.245730670168996,27,24,3,0,M S,Alaves,0,1.560747556388378,4.481196455657482,2.405624341219664,La_Liga,2023
1588,Raúl Albiol,26,2039,0,0.1873274138197302,1,1.5144617557525637,6,3,6,0,D S,Villarreal,0,0.1873274138197302,5.379311555996537,5.379311555996537,La_Liga,2023
1621,Marcos Alonso,5,250,0,0.0645731538534164,0,0.6204419042915106,3,5,0,0,D S,Barcelona,0,0.0645731538534164,1.7688512280583382,1.1844583824276924,La_Liga,2023
1715,Álvaro Negredo,7,16,0,0.0960300732403993,0,0.0586434826254844,3,1,0,0,S,Cadiz,0,0.0960300732403993,0.1589204724878072,0.0847294051200151,La_Liga,2023
1716,Bernardo,2,2,0,0.0,0,0.0,0,0,0,0,S,Girona,0,0.0,0.0,0.0,La_Liga,2023
1719,Javier Manquillo,12,757,0,0.0622012056410312,1,0.3282497227191925,1,1,3,0,D S,Celta Vigo,0,0.0622012056410312,3.704629305750132,3.642428103834391,La_Liga,2023
1731,Claudio Bravo,7,630,0,0.0,0,0.0469669923186302,0,1,0,0,GK,Real Betis,0,0.0,0.6719896532595158,0.6250226609408855,La_Liga,2023
1739,Eric Bailly,10,845,0,0.1702861487865448,0,0.0754569694399833,2,1,4,0,D S,Villarreal,0,0.1702861487865448,2.840977318584919,2.751708723604679,La_Liga,2023
2090,Marc-André ter Stegen,28,2520,0,0.0,0,0.0693136379122734,0,1,3,0,GK,Barcelona,0,0.0,10.277078991755843,10.277078991755843,La_Liga,2023
2122,Joan Jordán,8,376,0,0.2038762848824262,0,0.0451160557568073,6,2,0,0,M S,Sevilla,0,0.2038762848824262,0.6885622888803482,0.610394649207592,La_Liga,2023
2174,Diego Mariño,1,90,0,0.0,0,0.0,0,0,0,0,GK,Almeria,0,0.0,0.0285994093865156,0.0285994093865156,La_Liga,2023
2190,Vicente Guaita,27,2403,0,0.0,0,0.0,0,0,2,0,GK S,Celta Vigo,0,0.0,3.776095699518919,3.776095699518919,La_Liga,2023
2194,Damián Suárez,16,1323,0,0.3071885607205331,2,0.7839745869860053,4,17,6,1,D M S,Getafe,0,0.3071885607205331,3.2181388190947477,2.7108029201626778,La_Liga,2023
2208,Iván Cuéllar,1,90,0,0.0,0,0.0,0,0,0,0,GK,Mallorca,0,0.0,0.0392460189759731,0.0392460189759731,La_Liga,2023
2210,Jorge Meré,10,689,0,0.1905492786318063,0,0.0,4,0,0,0,D S,Cadiz,0,0.1905492786318063,0.427211083471775,0.4151508882641792,La_Liga,2023
2226,Zaldúa,13,713,0,0.0142668616026639,0,0.6533675184473395,1,5,3,0,D M S,Cadiz,0,0.0142668616026639,1.912533525377512,1.361300956457853,La_Liga,2023
2228,Aritz Elustondo,15,792,0,0.2734052082523703,1,0.7126521356403828,6,7,2,0,D S,Real Sociedad,0,0.2734052082523703,1.222236301749945,1.0287848487496376,La_Liga,2023
2247,Nacho,29,1719,0,0.3477312177419662,1,1.0648770369589329,5,5,4,2,D S,Real Madrid,0,0.3477312177419662,8.827640989795327,8.595789207145572,La_Liga,2023
2261,Jan Oblak,38,3420,0,0.0,0,0.0,0,0,1,0,GK,Atletico Madrid,0,0.0,6.289251936599612,6.289251936599612,La_Liga,2023
2263,Stefan Savic,23,1632,0,0.2319706631824374,0,0.0716344788670539,5,1,5,1,D S,Atletico Madrid,0,0.2319706631824374,8.325394976884127,8.325394976884127,La_Liga,2023
2269,Koke,35,2528,0,0.8687992542982101,4,3.3413646891713142,10,26,6,0,M S,Atletico Madrid,0,0.8687992542982101,22.3038531113416,19.22992175258696,La_Liga,2023
2272,Yannick Carrasco,3,234,0,0.0718080624938011,1,0.2317299097776413,2,4,0,0,D,Atletico Madrid,0,0.0718080624938011,0.996244352310896,0.8823320083320141,La_Liga,2023
2278,Giménez,22,1321,0,0.3844417072832584,0,0.0548979341983795,7,1,5,0,D S,Atletico Madrid,0,0.3844417072832584,4.855000216513872,4.800102312117815,La_Liga,2023
2301,Manu Trigueros,14,278,0,0.7013782588765025,0,0.182953268289566,6,5,0,0,M S,Villarreal,0,0.7013782588765025,1.559991167858243,0.889558769762516,La_Liga,2023
2306,Cédric Bakambu,4,197,0,0.3387096747756004,0,0.6694268435239792,4,3,1,0,F S,Real Betis,0,0.3387096747756004,0.9776408933103083,0.0944220200181007,La_Liga,2023
2308,Denis Suárez,4,114,0,0.0676707029342651,0,0.494709849357605,1,3,0,0,M S,Villarreal,0,0.0676707029342651,0.5971031673252583,0.0545091405510902,La_Liga,2023
2346,Aarón,2,153,0,0.0,0,0.0,0,0,0,0,GK S,Las Palmas,0,0.0,0.1161999106407165,0.1161999106407165,La_Liga,2023
2391,José Mari,3,3,0,0.0,0,0.0467416886240243,0,2,0,0,S,Cadiz,0,0.0,0.1218371111899614,0.0750954207032918,La_Liga,2023
2403,Íñigo Lekue,27,1999,0,0.2251490466296672,2,1.0375951137393713,5,17,4,0,D S,Athletic Club,0,0.2251490466296672,6.856774915009737,5.855579763650894,La_Liga,2023
2415,David Soria,39,3504,0,0.0,0,0.0,0,0,3,0,GK,Getafe,0,0.0,1.6697353422641754,1.6697353422641754,La_Liga,2023
2417,Igor Zubeldia,30,2540,0,0.7220773892477155,2,0.6404095031321049,12,10,11,1,D S,Real Sociedad,0,0.7220773892477155,7.492594746872783,7.105091752484441,La_Liga,2023
2418,Álvaro Odriozola,9,395,0,0.0,0,0.1638015210628509,0,2,0,0,D S,Real Sociedad,0,0.0,1.1239113043993711,1.1239113043993711,La_Liga,2023
2424,Óliver Torres,27,1633,0,0.6434128619730473,1,2.451912136748433,9,22,3,0,F M S,Sevilla,0,0.6434128619730473,7.696620766073465,5.100665792822838,La_Liga,2023
2433,Mamadou Sylla,2,5,0,0.0,0,0.0,0,0,0,0,S,Alaves,0,0.0,0.0,0.0,La_Liga,2023
2446,Dani Ceballos,20,556,0,0.51682398468256,2,1.323996583931148,7,12,2,0,M S,Real Madrid,0,0.51682398468256,6.05693104211241,4.671789812855423,La_Liga,2023
2453,Marc Bartra,3,230,0,0.2176977284252643,0,0.0,3,0,1,0,D,Real Betis,0,0.2176977284252643,0.4187570437788963,0.4187570437788963,La_Liga,2023
2456,Omar Mascarell,29,1577,0,0.2071775989606976,0,0.0311384322121739,6,2,6,1,D M S,Mallorca,0,0.2071775989606976,4.018802328035235,3.941452434286475,La_Liga,2023
2475,Jaume,2,73,0,0.0,0,0.0,0,0,0,0,GK S,Valencia,0,0.0,0.0,0.0,La_Liga,2023
2479,Toni Lato,28,1535,0,0.2631682381033897,1,1.5410883836448193,5,10,3,0,D S,Mallorca,0,0.2631682381033897,4.736479518003762,3.34537638630718,La_Liga,2023
2484,Iñigo Martínez,20,1276,0,0.5659955367445946,0,0.0172937158495187,8,1,5,0,D S,Barcelona,0,0.5659955367445946,9.240256048738956,9.240256048738956,La_Liga,2023
2509,Dimitri Foulquier,33,1804,0,0.6595267774537206,0,1.0877278074622154,7,14,3,0,D M S,Valencia,0,0.6595267774537206,6.5488414373248816,5.640171140432358,La_Liga,2023
2532,Amath Diedhiou,15,362,0,1.6075254753232002,0,0.4607605654746294,12,3,2,0,F M S,Mallorca,0,1.6075254753232002,2.5320386681705718,0.8323619682341814,La_Liga,2023
2539,Jaume Costa,30,1692,0,0.3761693984270096,1,1.0755313038825989,6,19,7,0,D S,Mallorca,0,0.3761693984270096,2.631909340620041,1.6665169820189476,La_Liga,2023
2543,Borja Iglesias,11,388,0,0.7683117017149925,1,1.13411545753479,10,11,2,0,F S,Real Betis,0,0.7683117017149925,2.835924595594406,1.062027856707573,La_Liga,2023
2555,Remiro,37,3275,0,0.0,0,0.0272997692227363,0,1,3,1,GK,Real Sociedad,0,0.0,2.69634373486042,2.669043943285942,La_Liga,2023
2609,Gerard Gumbau,35,2714,0,1.8900840035639703,3,4.485361495986581,45,41,12,0,M S,Granada,0,1.8900840035639703,7.919907013420016,4.410726794973016,La_Liga,2023
2619,Stole Dimitrievski,37,3330,0,0.0,0,0.0516082141548395,0,2,1,0,GK,Rayo Vallecano,0,0.0,1.6695769000798464,1.6179686803370714,La_Liga,2023
3208,Óscar Trejo,31,1400,0,0.8453094018623233,0,1.4899287717416885,18,22,4,1,F M S,Rayo Vallecano,0,0.8453094018623233,4.244989138096571,2.539323018863797,La_Liga,2023
3239,Hamari Traore,31,2320,0,0.4801902109757066,2,1.7844457905739546,18,29,7,0,D S,Real Sociedad,0,0.4801902109757066,8.387183956801891,6.795876614749432,La_Liga,2023
3248,Omenuke Mfulu,5,69,0,0.0,0,0.0,0,0,0,0,M S,Las Palmas,0,0.0,0.0624723806977272,0.0624723806977272,La_Liga,2023
3264,Mauro Arambarri,7,321,0,0.2758096102625131,0,0.0399282723665237,9,2,2,0,M S,Getafe,0,0.2758096102625131,0.7712307870388031,0.4936759360134601,La_Liga,2023
3399,Youssouf Sabaly,12,1053,0,0.1100941058248281,1,0.6800671080127358,4,4,2,0,D,Real Betis,0,0.1100941058248281,2.208556307479739,1.862690029665828,La_Liga,2023
3425,Thomas Lemar,3,177,0,0.1218904107809066,0,0.0145741188898682,2,1,0,0,M,Atletico Madrid,0,0.1218904107809066,0.8289734497666359,0.7070829942822456,La_Liga,2023
4034,José Campaña,8,154,0,0.0183247681707143,0,0.0,1,0,0,0,M S,Las Palmas,0,0.0183247681707143,0.6414254382252693,0.6414254382252693,La_Liga,2023
4177,Álex Fernández,26,1270,0,0.2681667953729629,1,0.8052411060780287,7,13,3,0,F M S,Cadiz,0,0.2681667953729629,2.13529378734529,1.4652563501149416,La_Liga,2023
4193,Aitor Fernández,7,545,0,0.1320342421531677,0,0.0,1,0,1,0,GK S,Osasuna,0,0.1320342421531677,0.8849698007106781,0.8849698007106781,La_Liga,2023
4202,Kevin,12,720,0,0.0770702064037323,0,0.21082778647542,2,3,3,0,D S,Celta Vigo,0,0.0770702064037323,1.499826280400157,1.3895474392920732,La_Liga,2023
4485,José Pozo,2,15,0,0.0,0,0.0,0,0,0,0,S,Rayo Vallecano,0,0.0,0.0,0.0,La_Liga,2023
4920,Matteo Gabbia,7,492,0,0.0,0,0.0332298167049884,0,1,2,0,D S,Villarreal,0,0.0,1.2725523188710213,1.2725523188710213,La_Liga,2023
5031,Álvaro Lemos,4,259,0,0.0186499208211898,0,0.0,1,0,1,0,D S,Las Palmas,0,0.0186499208211898,0.3681476861238479,0.3494977504014969,La_Liga,2023
5033,Iván Villar,12,1014,0,0.0,0,0.0525932163000106,0,1,0,1,GK,Celta Vigo,0,0.0,1.0566007755696774,1.0566007755696774,La_Liga,2023
5037,Darko Brasanac,2,43,0,0.0,0,0.058772288262844,0,1,0,0,S,Osasuna,0,0.0,0.091545321047306,0.0327730327844619,La_Liga,2023
5043,Kiko Femenía,23,1559,0,0.0180776678025722,0,0.7103211544454098,1,7,6,1,D M S,Villarreal,0,0.0180776678025722,8.147028211504221,7.607327003031969,La_Liga,2023
5047,Rubén Sobrino,33,1707,0,1.7188277821987867,1,2.139330465346575,21,23,9,1,F M S,Cadiz,0,1.7188277821987867,4.474040633067489,1.4335287157446146,La_Liga,2023
5061,Kepa,14,1194,0,0.0,0,0.0,0,0,1,0,GK S,Real Madrid,0,0.0,3.6908441241830583,3.6908441241830583,La_Liga,2023
5062,Yeray Álvarez,19,1145,0,0.2445644773542881,0,0.1286869943141937,7,3,1,1,D S,Athletic Club,0,0.2445644773542881,2.1471067517995834,2.045874582603574,La_Liga,2023
5065,Diego Rico,33,2629,0,0.3690704135224223,7,4.589375820942223,21,39,10,0,D M S,Getafe,0,0.3690704135224223,8.167431263253093,4.461082279682159,La_Liga,2023
5075,Rubén Peña,29,2126,0,1.05329264793545,2,2.6980124656111,17,29,3,0,D F M S,Osasuna,0,1.05329264793545,7.286354508250952,5.073089100420475,La_Liga,2023
5090,David García,27,2338,0,1.1602762695401907,1,0.9631527327001096,15,5,5,0,D,Osasuna,0,1.1602762695401907,5.989079457707703,5.917239627800882,La_Liga,2023
5103,Martin Hongla,13,551,0,0.137131568044424,0,0.0,3,0,0,0,D M S,Granada,0,0.137131568044424,0.3189828936010599,0.2483643628656864,La_Liga,2023
5109,Rui Silva,28,2479,0,0.0,0,0.0,0,0,4,0,GK,Real Betis,0,0.0,2.6925004106014967,2.6925004106014967,La_Liga,2023
5110,Mariano,9,232,0,1.283030454069376,0,0.1081700474023819,14,2,1,0,F S,Sevilla,0,1.283030454069376,0.8322091698646545,0.1192917507141828,La_Liga,2023
5117,Víctor Díaz,4,159,0,0.0,0,0.0,0,0,1,0,D S,Granada,0,0.0,0.3886590600013733,0.3886590600013733,La_Liga,2023
5134,Óscar Melendo,26,1159,0,0.3117926977574825,0,0.5518040414899588,6,11,2,0,F M S,Granada,0,0.3117926977574825,3.404225243255496,2.9349127896130085,La_Liga,2023
5138,Alejandro Pozo,21,944,0,0.2253624200820922,0,0.4613147424533963,4,13,3,0,D M S,Almeria,0,0.2253624200820922,2.829019183292985,2.2215104699134827,La_Liga,2023
5140,Kike Barja,16,276,0,0.3886577486991882,0,0.2979553304612636,4,5,3,0,F M S,Osasuna,0,0.3886577486991882,1.1024686489254236,0.8619389664381742,La_Liga,2023
5185,Unai Simón,36,3186,0,0.0,0,0.0254396069794893,0,1,2,0,GK,Athletic Club,0,0.0,6.068774430081248,6.043334823101759,La_Liga,2023
5200,Eric Curbelo,2,100,0,0.0,0,0.0,0,0,0,0,D S,Las Palmas,0,0.0,0.0456804148852825,0.0456804148852825,La_Liga,2023
5234,Jesús Vallejo,3,92,0,0.0,0,0.0,0,0,1,0,D S,Granada,0,0.0,0.9160338938236235,0.9160338938236235,La_Liga,2023
5264,Caglar Söyüncü,6,95,0,0.0,0,0.0,0,0,0,1,D S,Atletico Madrid,0,0.0,0.2289020046591758,0.2289020046591758,La_Liga,2023
5635,Faitout Maouassa,6,240,0,0.2357696704566478,1,0.3341120090335607,5,5,0,0,D S,Granada,0,0.2357696704566478,0.4030827432870865,0.1437355112284422,La_Liga,2023
5672,Iván Balliu,33,2878,0,0.959212239831686,1,2.487216589972377,11,24,4,0,D S,Rayo Vallecano,0,0.959212239831686,7.487997930496931,5.418355187401176,La_Liga,2023
5730,Famara Diedhiou,8,51,0,0.7279834635555744,1,0.3974076211452484,5,1,1,0,S,Granada,0,0.7279834635555744,1.2390880063176155,0.1465964019298553,La_Liga,2023
5947,Mihailo Ristic,12,809,0,0.4263878604397177,0,0.1302771838381886,10,5,2,0,D S,Celta Vigo,0,0.4263878604397177,2.7432716600596905,2.466514006257057,La_Liga,2023
6014,Rominigue Kouame,16,822,0,0.2608537385240197,0,0.0955784181132912,5,4,2,0,M S,Cadiz,0,0.2608537385240197,1.8161317203193903,1.5831835009157658,La_Liga,2023
6075,Antonio Sivera,34,3060,0,0.0,0,0.0902358191087842,0,3,3,0,GK,Alaves,0,0.0,2.3123537227511406,2.232304647564888,La_Liga,2023
6079,Fabio González,6,111,0,0.0,0,0.0,0,0,1,0,M S,Las Palmas,0,0.0,0.1532762944698333,0.1532762944698333,La_Liga,2023
6120,Bono,1,90,0,0.0,0,0.0,0,0,0,0,GK,Sevilla,0,0.0,0.0,0.0,La_Liga,2023
6121,Juanpe,17,718,0,0.1930472329258918,0,0.0,4,0,4,0,D S,Girona,0,0.1930472329258918,2.506332751363516,2.448934894055128,La_Liga,2023
6124,Maxi Gómez,32,1170,0,1.3022282775491476,0,0.5264191050082445,16,10,2,0,F S,Cadiz,0,1.3022282775491476,2.670521793421358,1.3194565190933645,La_Liga,2023
6136,Mario Hermoso,31,2559,0,1.4281741920858622,1,0.7117665782570839,17,17,9,0,D S,Atletico Madrid,0,1.4281741920858622,16.1638703905046,15.305130396038294,La_Liga,2023
6151,Djené Dakonam,34,2580,0,0.1253459304571151,0,0.284101452678442,7,6,13,1,D M S,Getafe,0,0.1253459304571151,3.297972426749766,3.029572262428701,La_Liga,2023
6164,Andrés Guardado,12,421,0,0.1238458976149559,0,0.17838532384485,5,5,2,0,M S,Real Betis,0,0.1238458976149559,2.278516659513116,2.1590131651610136,La_Liga,2023
6177,Luiz Felipe,4,360,0,0.1076035313308239,0,0.0991769731044769,2,1,1,0,D,Real Betis,0,0.1076035313308239,0.6651503592729568,0.6651503592729568,La_Liga,2023
6214,Raúl Fernández,4,280,0,0.0,0,0.0,0,0,0,0,GK,Granada,0,0.0,0.0,0.0,La_Liga,2023
6219,Enes Ünal,3,133,0,0.0809843465685844,1,0.6826157048344612,1,3,0,0,F S,Getafe,0,0.0809843465685844,0.7880530953407288,0.0948138087987899,La_Liga,2023
6224,Marko Dmitrovic,13,1170,0,0.0,0,0.0,0,0,1,0,GK,Sevilla,0,0.0,1.0511504001915457,1.0511504001915457,La_Liga,2023
6226,Iván Alejo,31,1770,0,0.5896123591810465,2,2.020405754446984,12,15,18,0,M S,Cadiz,0,0.5896123591810465,3.699001715518534,1.8776471866294744,La_Liga,2023
6233,Ferland Mendy,23,1758,0,0.2666007615625858,0,1.1088898330926895,5,11,5,0,D S,Real Madrid,0,0.2666007615625858,12.091725358739495,10.99658022262156,La_Liga,2023
6242,Johan Mojica,30,2035,0,1.0765943648293614,3,3.276795998215676,17,24,1,0,D F S,Osasuna,0,1.0765943648293614,7.460344950668514,5.053867304697633,La_Liga,2023
6310,Boubakary Soumare,28,2289,0,0.0227503608912229,1,1.038184255361557,1,8,10,0,M S,Sevilla,0,0.0227503608912229,6.839430097490549,5.843111161142588,La_Liga,2023
6592,Manuel Morlanes,35,1607,0,0.9207215989008546,2,1.5948606301099062,11,16,2,0,M S,Mallorca,0,0.9207215989008546,4.826761193573475,3.2111904323101044,La_Liga,2023
6643,Francisco Vieites,4,311,0,0.0,0,0.0,0,0,0,0,GK S,Real Betis,0,0.0,0.931511509232223,0.931511509232223,La_Liga,2023
6712,Enzo Loiodice,34,1805,0,0.6150052286684513,1,1.1749551789835095,16,19,3,0,M S,Las Palmas,0,0.6150052286684513,4.874503262341023,4.1022844389081,La_Liga,2023
6759,Juan Cruz,5,53,0,0.0856194142252206,0,0.0523345358669757,2,1,0,0,S,Real Betis,0,0.0856194142252206,0.1557597257196903,0.0178057793527841,La_Liga,2023
6766,Dani Vivian,33,2884,0,0.8867789721116424,0,0.5833873376250267,11,6,6,0,D S,Athletic Club,0,0.8867789721116424,8.652127988636494,8.47702593356371,La_Liga,2023
6919,Toni Villa,2,8,0,0.0255176350474357,0,0.0,1,0,0,0,S,Girona,0,0.0255176350474357,0.0255176350474357,0.0,La_Liga,2023
6924,Miguel De la Fuente,3,65,0,0.1304582729935646,0,0.0,2,0,0,0,F S,Alaves,0,0.1304582729935646,0.1304582729935646,0.0,La_Liga,2023
6931,Fran Beltrán,33,2463,0,0.6912616118788719,0,1.1813373565673828,21,18,2,0,M S,Celta Vigo,0,0.6912616118788719,12.35244132578373,11.672832887619734,La_Liga,2023
6966,Daniel Fuzato,1,6,0,0.0,0,0.0,0,0,0,0,S,Getafe,0,0.0,0.0,0.0,La_Liga,2023
7019,Peru Nolaskoain,2,5,0,0.0,0,0.0,0,0,0,0,S,Athletic Club,0,0.0,0.0,0.0,La_Liga,2023
7160,Nemanja Radonjic,11,342,0,1.107987742871046,0,0.7896160259842873,10,7,0,0,M S,Mallorca,0,1.107987742871046,1.8893221244215963,0.1744726914912462,La_Liga,2023
7194,Andriy Lunin,21,1890,0,0.0,0,0.1058787852525711,0,1,2,0,GK,Real Madrid,0,0.0,5.532087583094835,5.426208805292845,La_Liga,2023
7226,Chumi,31,2427,0,0.794005248695612,1,1.3696383833885193,5,4,4,0,D S,Almeria,0,0.794005248695612,4.136079708114266,3.8911746609956026,La_Liga,2023
7287,Iñaki Peña,10,900,0,0.0,0,0.0,0,0,0,0,GK,Barcelona,0,0.0,3.1926888525485992,3.1926888525485992,La_Liga,2023
7306,Aihen Muñoz,21,1094,0,0.2717834999784827,2,1.6518815699964762,7,12,2,0,D S,Real Sociedad,0,0.2717834999784827,5.011136032640934,3.685880288481712,La_Liga,2023
7355,Paul Akouokou,2,17,0,0.0,0,0.0,0,0,0,0,S,Real Betis,0,0.0,0.3784242887049913,0.3784242887049913,La_Liga,2023
7359,Eduardo Camavinga,31,1847,0,0.8755504079163074,2,1.74825625307858,17,20,9,0,D M S,Real Madrid,0,0.8755504079163074,14.26892701536417,12.717680420726538,La_Liga,2023
7385,Javi Galán,19,1162,0,0.1072029825299978,1,1.2079992294311523,3,11,4,0,D M S,"Atletico Madrid,Real Sociedad",0,0.1072029825299978,4.2576851565390825,3.9845173079520464,La_Liga,2023
7424,Alex Sola,31,1265,0,2.303257567808032,3,2.6484938506037,28,27,2,0,D F M S,"Alaves,Real Sociedad",0,2.303257567808032,5.903971094638109,1.9674826990813017,La_Liga,2023
7510,Cristian Rivero,1,57,0,0.0,0,0.0,0,0,0,0,S,Valencia,0,0.0,0.0788845419883728,0.0788845419883728,La_Liga,2023
7515,Andrei Ratiu,12,629,0,0.3055592365562916,0,0.7678892202675343,6,6,1,0,D S,Rayo Vallecano,0,0.3055592365562916,2.333376344293356,1.378071442246437,La_Liga,2023
7605,Manuel Sánchez,26,1784,0,0.5429475717246532,5,3.505473857745528,9,20,3,0,D S,Celta Vigo,0,0.5429475717246532,7.5165757574141026,5.35230431240052,La_Liga,2023
7718,Predrag Rajkovic,36,3240,0,0.0,0,0.1604034006595611,0,4,2,0,GK,Mallorca,0,0.0,2.208053339272737,2.0476499376818538,La_Liga,2023
7826,Joseph Aidoo,6,400,0,0.1291830167174339,0,0.0441861115396022,3,1,0,0,D S,Celta Vigo,0,0.1291830167174339,0.7474957443773746,0.7014066018164158,La_Liga,2023
7829,Eder Militão,10,498,0,0.0802793055772781,0,0.0,2,0,0,0,D S,Real Madrid,0,0.0802793055772781,3.2499173879623413,3.2353989481925964,La_Liga,2023
7838,Martin Valjent,28,2376,0,0.2804082296788692,1,0.7641149433329701,9,7,5,0,D,Mallorca,0,0.2804082296788692,3.387194753624499,2.823629103600979,La_Liga,2023
7840,Iddrisu Baba,25,1416,0,0.3663055226206779,0,0.4541104203090071,8,6,5,0,M S,Almeria,0,0.3663055226206779,1.828830935060978,1.3067606063559651,La_Liga,2023
7856,Aridane Hernández,19,1697,0,0.542479895055294,0,0.085307446308434,5,3,3,0,D,Rayo Vallecano,0,0.542479895055294,3.7125490121543407,3.691220831125975,La_Liga,2023
7859,Sergio Herrera,32,2875,0,0.0,0,0.0070047862827777,0,1,2,0,GK,Osasuna,0,0.0,1.963049747981131,1.9560449616983533,La_Liga,2023
7860,Domingos Duarte,15,898,0,0.0996901094913482,0,0.0824884828180074,1,2,3,2,D S,Getafe,0,0.0996901094913482,1.5951038803905249,1.5126153975725174,La_Liga,2023
7863,Antonio Puertas,27,693,0,3.954187366180122,2,0.6933754212222993,19,10,2,1,F M S,Granada,0,2.46763217728585,4.047966557554901,1.5224014772102237,La_Liga,2023
7864,Carlos Neva,36,3180,0,0.1293451897799968,2,3.277485676109791,4,21,4,0,D,Granada,0,0.1293451897799968,7.631473049055785,5.563596080522984,La_Liga,2023
7868,Diadie Samassékou,4,83,0,0.0226466134190559,0,0.0124736810103058,1,1,0,0,S,Cadiz,0,0.0226466134190559,0.0566790485754609,0.0340324351564049,La_Liga,2023
7899,Daley Sinkgraven,10,382,0,0.0,0,0.0,0,0,0,1,D S,Las Palmas,0,0.0,0.238798500970006,0.238798500970006,La_Liga,2023
7967,Anssumane Fati,3,26,0,0.851670041680336,0,0.0,7,0,0,0,S,Barcelona,0,0.851670041680336,1.3263437449932098,0.474673705175519,La_Liga,2023
7981,Nianzou Kouassi,8,309,0,0.0262003038078546,0,0.0,1,0,3,0,D S,Sevilla,0,0.0262003038078546,1.3491652496159077,1.3491652496159077,La_Liga,2023
8058,Thierry Correia,31,2180,0,0.8264532443135977,2,2.285063786432147,5,18,4,1,D M S,Valencia,0,0.8264532443135977,8.928189212456346,7.467619983479381,La_Liga,2023
8089,Kieran Tierney,20,1255,0,0.1390082202851772,2,0.7988459318876266,2,8,1,0,D S,Real Sociedad,0,0.1390082202851772,2.849950300529599,2.6930690556764603,La_Liga,2023
8108,Daniel Cárdenas,1,90,0,0.0,0,0.0,0,0,0,0,GK,Rayo Vallecano,0,0.0,0.0,0.0,La_Liga,2023
8165,Lucien Agoume,12,774,0,1.1587789077311754,0,0.7649756781756878,6,9,3,0,M S,Sevilla,0,1.1587789077311754,4.680497780442238,4.036951724439859,La_Liga,2023
8409,Juanlu Sanchez,26,1155,0,0.8320242613554001,2,0.7619312610477209,11,17,2,0,D S,Sevilla,0,0.8320242613554001,3.88984501734376,2.833031091839075,La_Liga,2023
8410,Rodrigo Sánchez,29,988,0,1.2866828525438905,0,1.013054247945547,18,15,0,0,M S,Real Betis,0,1.2866828525438905,4.859820757061243,2.7596865203231573,La_Liga,2023
8473,Pablo Gozálbez,5,89,0,0.0124794244766235,0,0.0,1,0,0,0,M S,Valencia,0,0.0124794244766235,0.4806812703609466,0.4682018458843231,La_Liga,2023
8571,Ricardo Visus,3,151,0,0.0,0,0.0,0,0,0,0,D S,Real Betis,0,0.0,0.2860291302204132,0.2860291302204132,La_Liga,2023
8649,Houboulang Mendes,7,396,0,0.0171948950737714,0,0.0308262482285499,1,1,0,0,D S,Almeria,0,0.0171948950737714,0.1735965386033058,0.1427702903747558,La_Liga,2023
8665,Loic Bade,28,2308,0,0.5971373412758112,1,0.4407977694645524,14,9,5,1,D S,Sevilla,0,0.5971373412758112,5.53490275144577,5.375210411846638,La_Liga,2023
8685,Mohamed Ali-Cho,11,207,0,0.5172878056764603,0,0.0709886029362678,3,1,0,0,F S,Real Sociedad,0,0.5172878056764603,0.6069340929389,0.0186576843261718,La_Liga,2023
8710,Renato Tapia,21,1337,0,1.1141321901232004,0,0.5880990009754896,19,6,3,1,D M S,Celta Vigo,0,1.1141321901232004,5.394871832802892,4.476658945903182,La_Liga,2023
8712,Miguel Rodriguez,15,259,0,0.1409197179600596,0,0.1348711773753166,6,2,2,0,D M S,Celta Vigo,0,0.1409197179600596,0.4527730019763112,0.1769821085035801,La_Liga,2023
8713,Gabriel Veiga,1,14,0,0.0,0,0.0,0,0,0,0,S,Celta Vigo,0,0.0,0.0945315584540367,0.0945315584540367,La_Liga,2023
8725,Luis Milla,28,2220,0,0.7645091386511922,1,1.65008888207376,17,30,6,0,M S,Getafe,0,0.7645091386511922,6.788594078272581,5.593738727271557,La_Liga,2023
8726,Alberto Soro,1,2,0,0.0,0,0.0936094522476196,0,1,0,0,S,Granada,0,0.0,0.0936094522476196,0.0,La_Liga,2023
8730,David Gil,5,368,0,0.0,0,0.0,0,0,1,0,GK S,Cadiz,0,0.0,0.0378633290529251,0.0378633290529251,La_Liga,2023
8731,Isaac Carcelén,36,2639,0,0.4181515490636229,0,0.7854791264981031,10,16,2,0,D M S,Cadiz,0,0.4181515490636229,3.80903453938663,3.0125666111707687,La_Liga,2023
8733,Alfonso Espino,31,2535,0,0.9701855070888996,1,3.3670406583696604,18,28,9,0,D S,Rayo Vallecano,0,0.9701855070888996,7.077559070661664,3.91663090325892,La_Liga,2023
8735,Salvi Sánchez,1,21,0,0.0,0,0.0,0,0,0,0,S,Rayo Vallecano,0,0.0,0.0,0.0,La_Liga,2023
8741,Fali,31,2655,0,0.9351132679730654,0,0.1054295990616083,13,4,12,0,D,Cadiz,0,0.9351132679730654,3.3312222259119157,3.207734011113644,La_Liga,2023
8744,Juan Cruz,26,1655,0,0.0542969927191734,1,0.5691426796838641,3,5,3,0,D S,Osasuna,0,0.0542969927191734,2.553079799748957,2.369369168765843,La_Liga,2023
8761,Shon Weissman,5,61,0,0.0275173429399728,0,0.0,1,0,0,0,S,Granada,0,0.0275173429399728,0.0410245666280388,0.013507223688066,La_Liga,2023
8773,Álex Centelles,14,974,0,0.0569905154407024,1,1.2923075705766678,2,11,2,0,D M S,Almeria,0,0.0569905154407024,1.7054213136434555,1.3082378581166267,La_Liga,2023
8849,Alberto Perea,2,2,0,0.0,0,0.0645603314042091,0,1,0,0,S,Granada,0,0.0,0.0645603314042091,0.0645603314042091,La_Liga,2023
8861,Urko Gonzalez,5,160,0,0.0588453002274036,0,0.0,2,0,1,0,M S,Real Sociedad,0,0.0588453002274036,0.0596905937418341,0.0373143693432211,La_Liga,2023
8863,Marvin Park,31,1826,0,1.2387149445712566,2,2.6454294845461845,14,13,5,0,D F M S,Las Palmas,0,1.2387149445712566,6.1723127737641335,2.952649524435401,La_Liga,2023
8949,Jeremías Ledesma,34,3052,0,0.0,0,0.0539969950914382,0,1,0,0,GK,Cadiz,0,0.0,2.63006785325706,2.5760708581656218,La_Liga,2023
8972,Victor Chust,23,1969,0,0.3418484022840857,1,0.356376925483346,5,6,4,2,D,Cadiz,0,0.3418484022840857,4.528740154579282,4.083586324006319,La_Liga,2023
8986,Omar Alderete,32,2228,0,2.0292449481785297,1,1.0543783586472273,23,12,7,1,D M S,Getafe,0,2.0292449481785297,3.4851332590915263,3.2615407910197973,La_Liga,2023
9015,Cenk Özkacar,23,1582,0,0.2487474447116255,0,0.0328609198331832,5,1,2,0,D S,Valencia,0,0.2487474447116255,3.785840697586536,3.711648151278496,La_Liga,2023
9024,Yeremi Pino,7,501,0,0.9005821198225021,0,0.2941292840987444,9,5,4,0,F M,Villarreal,0,0.9005821198225021,1.3586286306381226,0.3870690912008285,La_Liga,2023
9038,Aleksandar Radovanovic,9,575,0,0.0509594492614269,0,0.0161808338016271,1,1,2,0,D S,Almeria,0,0.0509594492614269,0.6352320574223995,0.6352320574223995,La_Liga,2023
9198,Unai Marrero,2,142,0,0.0,0,0.0,0,0,0,0,GK S,Real Sociedad,0,0.0,0.0,0.0,La_Liga,2023
9218,Juan Iglesias,23,1402,0,0.4546850705519318,2,0.949866116978228,15,12,3,0,D M S,Getafe,0,0.4546850705519318,2.236746683716774,1.0354153299704194,La_Liga,2023
9243,Ilaix Moriba,15,616,0,0.2090145461261272,2,0.9248004481196404,4,6,3,1,M S,Getafe,0,0.2090145461261272,1.7193779377266765,0.7051846478134394,La_Liga,2023
9267,Momo Mbaye,4,288,0,0.3877622783184051,0,0.0,2,0,2,0,D S,Cadiz,0,0.3877622783184051,0.2918264623731375,0.0173641499131917,La_Liga,2023
9272,Filip Jorgensen,36,3240,0,0.0,0,0.0,0,0,4,0,GK,Villarreal,0,0.0,7.287767574191093,7.287767574191093,La_Liga,2023
9280,Antonio Blanco,33,2457,0,0.6555717512965202,1,1.479127185419202,20,20,4,1,M S,Alaves,0,0.6555717512965202,6.338301086332649,4.706147252582014,La_Liga,2023
9297,Abdelkabir Abqar,27,2318,0,0.507450656965375,0,0.170391546562314,10,3,9,0,D,Alaves,0,0.507450656965375,2.4509469643235207,2.3596736155450344,La_Liga,2023
9403,Raúl Torrente,17,1258,0,0.1349076069891452,0,0.2540754899382591,3,2,4,0,D S,Granada,0,0.1349076069891452,2.1149673108011484,1.9325012657791376,La_Liga,2023
9450,Dion Lopy,30,1922,0,0.7930335476994514,0,1.030075021088123,23,13,4,0,M S,Almeria,0,0.7930335476994514,6.641953369602561,5.284824077039957,La_Liga,2023
9465,Beñat Turrientes,29,1715,0,0.7851970875635743,1,0.4151092208921909,23,9,4,0,M S,Real Sociedad,0,0.7851970875635743,3.719556420110166,2.728710589930415,La_Liga,2023
9466,Jon Ander Olasagasti,14,335,0,1.1791986878961325,0,0.1880938345566392,9,6,3,0,M S,Real Sociedad,0,1.1791986878961325,1.6109830625355244,0.4490080522373318,La_Liga,2023
9505,Beñat Prados,26,1457,0,0.3182103037834167,0,0.5128440577536821,7,10,1,0,D M S,Athletic Club,0,0.3182103037834167,4.9395834766328335,4.346323827281594,La_Liga,2023
9506,Eneko Ortiz,1,12,0,0.0,0,0.0,0,0,0,0,S,Alaves,0,0.0,0.0,0.0,La_Liga,2023
9519,Carlos Domínguez,22,1589,0,0.2694596871733665,0,0.1121169105172157,5,3,2,0,D S,Celta Vigo,0,0.2694596871733665,3.732235359959304,3.601200635544956,La_Liga,2023
9520,Hugo Sotelo,17,706,0,0.3555913036689162,1,1.733929662965238,8,15,1,0,M S,Celta Vigo,0,0.3555913036689162,5.740932049229741,5.177344894036651,La_Liga,2023
9558,Hannibal Mejbri,6,91,0,0.0205856710672378,0,0.9787148088216782,1,4,2,0,M S,Sevilla,0,0.0205856710672378,0.5281277745962143,0.0,La_Liga,2023
9693,Giorgi Mamardashvili,37,3288,0,0.0,0,0.2702518608421087,0,2,3,1,GK,Valencia,0,0.0,2.166453121230006,1.896201251074672,La_Liga,2023
9756,Dominik Greif,1,90,0,0.0,0,0.0,0,0,0,0,GK,Mallorca,0,0.0,0.073220394551754,0.073220394551754,La_Liga,2023
9762,Milutin Osmajic,1,1,0,0.0974432379007339,0,0.056115549057722,2,1,0,0,S,Cadiz,0,0.0974432379007339,0.1535587906837463,0.0,La_Liga,2023
9794,Franco Cervi,17,514,0,0.3993713539093733,1,1.7846542578190565,9,10,2,0,D M S,Celta Vigo,0,0.3993713539093733,3.603385565802455,1.607266677543521,La_Liga,2023
9805,Álex Balde,18,1379,0,0.1513009183108806,1,1.0918369684368372,5,12,1,0,D M S,Barcelona,0,0.1513009183108806,9.58990053460002,8.505029190331697,La_Liga,2023
9819,Jorge Moreno,1,11,0,0.0,0,0.0,0,0,0,0,S,Osasuna,0,0.0,0.0,0.0,La_Liga,2023
9824,Julen Agirrezabala,4,234,0,0.0,0,0.0,0,0,0,0,GK S,Athletic Club,0,0.0,0.1301006227731704,0.1301006227731704,La_Liga,2023
9847,Luís Maximiano,33,2970,0,0.0,0,0.0,0,0,1,0,GK,Almeria,0,0.0,3.2553159426897764,3.2553159426897764,La_Liga,2023
9922,Jon Karrikaburu,2,5,0,0.0,0,0.0,0,0,0,0,S,Alaves,0,0.0,0.0,0.0,La_Liga,2023
10010,Jesús Owono,4,360,0,0.0,0,0.0,0,0,1,0,GK,Alaves,0,0.0,1.3290287256240845,1.3290287256240845,La_Liga,2023
10024,Cristhian Mosquera,36,3060,0,0.9962476417422296,0,0.0716728568077087,9,1,2,0,D S,Valencia,0,0.9962476417422296,7.333322339691222,7.304638323374093,La_Liga,2023
10082,Hugo Gonzalez,9,59,0,0.0188332442194223,1,0.4925474710762501,1,4,0,0,S,Valencia,0,0.0188332442194223,0.3262952454388141,0.0,La_Liga,2023
10107,César Tárrega,1,3,0,0.0,0,0.0,0,0,0,0,S,Valencia,0,0.0,0.0,0.0,La_Liga,2023
10155,Rubén Iranzo,1,7,0,0.0,0,0.0,0,0,0,0,S,Valencia,0,0.0,0.0,0.0,La_Liga,2023
10188,Peter,15,642,0,1.6862849863246083,0,0.884673461318016,17,7,1,0,M S,Valencia,0,1.6862849863246083,4.07306419685483,2.322724919766188,La_Liga,2023
10200,Rafa Marín,33,2434,0,1.0936051346361635,0,0.2305420637130737,13,5,6,0,D S,Alaves,0,1.0936051346361635,6.729401000775397,6.569665716029704,La_Liga,2023
10221,Tomás Mendes,1,4,0,0.0,0,0.0,0,0,0,0,S,Alaves,0,0.0,0.0326404273509979,0.0326404273509979,La_Liga,2023
10224,Mika Mármol,36,3193,0,0.1459772363305091,1,0.8249071957543492,3,5,4,1,D,Las Palmas,0,0.1459772363305091,6.354607587680221,6.32452601287514,La_Liga,2023
10323,Jesús Corona,2,9,0,0.0,0,0.0,0,0,0,0,S,Sevilla,0,0.0,0.0,0.0,La_Liga,2023
10381,Ibrahima Koné,9,254,0,0.6477935090661049,0,0.1163466274738311,4,2,0,0,F S,Almeria,0,0.6477935090661049,0.8029887303709984,0.0885477215051651,La_Liga,2023
10401,Njegos Petrovic,10,112,0,0.081746332347393,0,0.0876066535711288,3,2,0,0,S,Granada,0,0.081746332347393,0.6733207944780588,0.5530099626630545,La_Liga,2023
10402,Matías Arezo,14,331,0,0.9252994209527968,0,0.0962525606155395,12,2,1,0,F S,Granada,0,0.9252994209527968,1.665972150862217,0.6783719398081303,La_Liga,2023
10494,Pablo Barrios Rivas,24,1571,0,1.0035561434924605,1,1.7167253606021404,16,16,4,0,M S,Atletico Madrid,0,1.0035561434924605,8.838192000985146,6.901825416833162,La_Liga,2023
10562,Mario Dominguez,3,15,0,0.1400110274553299,0,0.0,3,0,0,0,S,Valencia,0,0.1400110274553299,0.1256244331598281,0.0,La_Liga,2023
10566,Miguel Ángel Brau,1,25,0,0.0,0,0.0,0,0,0,0,S,Granada,0,0.0,0.0990472212433815,0.0990472212433815,La_Liga,2023
10576,Álvaro Fernández,13,452,0,0.4894391372799873,0,0.7756723361089826,7,7,1,0,D F M S,Granada,0,0.4894391372799873,2.2598436502739787,1.4647520780563354,La_Liga,2023
10614,Damián Rodríguez,5,256,0,0.0226929895579814,2,0.7027461566030979,1,6,1,0,M S,Celta Vigo,0,0.0226929895579814,1.7932294681668282,1.7213182225823402,La_Liga,2023
10618,Unai Ropero,1,2,0,0.0,0,0.0,0,0,0,0,S,Alaves,0,0.0,0.0,0.0,La_Liga,2023
10858,Jorge Herrando,19,1643,0,0.6078655924648046,1,0.8061938732862473,4,3,4,0,D S,Osasuna,0,0.6078655924648046,1.8355923192575572,1.5064674457535148,La_Liga,2023
10915,Diego Méndez,1,1,0,0.0,0,0.0,0,0,0,0,S,Rayo Vallecano,0,0.0,0.0,0.0,La_Liga,2023
10930,Etta Eyong,1,19,0,0.0,0,0.0,0,0,0,0,S,Cadiz,0,0.0,0.0,0.0,La_Liga,2023
10947,Ramón Terrats,19,776,0,0.3874708525836468,2,1.2265031784772873,8,8,4,0,M S,Villarreal,0,0.3874708525836468,4.124615162611008,3.289061889052391,La_Liga,2023
10949,Arnau Martinez,21,1236,0,0.0670542269945144,2,1.7664639884606004,1,10,5,0,D S,Girona,0,0.0670542269945144,8.931810360401869,8.252765346318483,La_Liga,2023
10969,Fernando Martínez,4,360,0,0.0,0,0.0,0,0,0,0,GK,Almeria,0,0.0,0.1706023849546909,0.1706023849546909,La_Liga,2023
10971,Srdjan Babic,1,90,0,0.0576848946511745,0,0.0,1,0,0,0,D,Almeria,0,0.0576848946511745,0.1038091480731964,0.1038091480731964,La_Liga,2023
10972,Lucas Robertone,33,2454,0,1.0352079533040524,5,2.8863672353327274,37,33,11,0,M S,Almeria,0,1.0352079533040524,10.68546389695257,8.120876839384437,La_Liga,2023
10977,Arnau Puigmal,11,232,0,0.0,0,0.2230001837015152,0,3,3,0,D M S,Almeria,0,0.0,0.2777540870010853,0.1523254998028278,La_Liga,2023
10981,Malcom Adu,12,238,0,0.1142076216638088,0,0.021074978634715,4,1,2,0,M S,Athletic Club,0,0.1142076216638088,0.8945511411875486,0.7989534009248018,La_Liga,2023
10987,Fabrizio Angileri,12,215,0,0.0,0,1.3041672706604004,0,4,2,0,D S,Getafe,0,0.0,1.1894072806462646,0.668181031011045,La_Liga,2023
10991,Gorka Rivera,1,1,0,0.0,0,0.0,0,0,0,0,S,Getafe,0,0.0,0.0,0.0,La_Liga,2023
10999,Marcão,7,341,0,0.0,0,0.3002846240997314,0,1,2,0,D S,Sevilla,0,0.0,1.1862068492919209,1.1862068492919209,La_Liga,2023
11025,Pablo Torre,26,632,0,1.159542222507298,2,0.9704246409237384,13,13,1,0,M S,Girona,0,1.159542222507298,5.892184537835419,4.510254573076963,La_Liga,2023
11030,Luiz Henrique,14,604,0,1.6164679657667875,3,2.722592063248157,18,11,1,0,M S,Real Betis,0,1.6164679657667875,4.459690233692527,1.529390474781394,La_Liga,2023
11099,Lázaro,14,241,0,0.7849982865154743,0,0.3038176652044058,8,6,0,0,M S,Almeria,0,0.7849982865154743,1.0122627951204777,0.1306260116398334,La_Liga,2023
11151,Marc Casadó,2,11,0,0.0,0,0.0,0,0,0,0,S,Barcelona,0,0.0,0.0,0.0,La_Liga,2023
11167,Chadi Riad,26,2160,0,0.6348644411191344,0,0.1388264000415802,11,2,1,0,D S,Real Betis,0,0.6348644411191344,3.816927118226886,3.80872711353004,La_Liga,2023
11186,Alvaro Rodríguez,1,1,0,0.0,0,0.0,0,0,0,0,S,Real Madrid,0,0.0,0.0,0.0,La_Liga,2023
11204,Jon Magunacelaya,5,112,0,0.236787412315607,0,0.4766339063644409,4,1,0,0,F S,Real Sociedad,0,0.236787412315607,1.005659520626068,0.4522879421710968,La_Liga,2023
11265,Diego Hormigo,1,32,0,0.0,0,0.0,0,0,0,0,S,Sevilla,0,0.0,0.0,0.0,La_Liga,2023
11266,Manu Bueno,4,114,0,0.01587382145226,0,0.0679851695895195,1,2,1,0,M S,Sevilla,0,0.01587382145226,0.6641952265053988,0.5803361982107162,La_Liga,2023
11288,César Montes,21,1800,0,0.5614795321598649,0,0.1845421958714723,13,5,5,0,D,Almeria,0,0.5614795321598649,2.718390127643943,2.5909802485257387,La_Liga,2023
11318,Abner,23,1384,0,0.1778232231736183,1,1.2607837356626987,4,8,3,0,D S,Real Betis,0,0.1778232231736183,5.191712699830532,4.443651057779789,La_Liga,2023
11349,Mario Martín,2,9,0,0.0,0,0.0,0,0,0,0,S,Real Madrid,0,0.0,0.0,0.0,La_Liga,2023
11378,Máximo Perrone,29,1643,0,0.1750375656411051,0,0.3737841211259365,7,9,6,0,M S,Las Palmas,0,0.1750375656411051,5.221752477809787,4.926801485940814,La_Liga,2023
11379,Selim Amallah,20,566,0,0.6258985176682472,1,0.452852526679635,11,4,3,1,F M S,Valencia,0,0.6258985176682472,1.5915673822164536,0.5930880382657051,La_Liga,2023
11402,Carlos Romero,7,256,0,0.456226110458374,0,0.0,2,0,1,0,D S,Villarreal,0,0.456226110458374,1.6576858684420586,1.2014597579836843,La_Liga,2023
11419,Jorge Pascual,1,10,0,0.0,0,0.0,0,0,0,0,S,Villarreal,0,0.0,0.0,0.0,La_Liga,2023
11503,Marciano Sanca,6,24,0,0.0114937983453273,0,0.0421322546899318,1,1,0,0,S,Almeria,0,0.0114937983453273,0.0693905800580978,0.0157645251601934,La_Liga,2023
11537,Santiago García,1,18,0,0.0,0,0.0,0,0,0,0,S,Getafe,0,0.0,0.0737994164228439,0.0737994164228439,La_Liga,2023
11540,Carlos Dotor,17,690,0,0.1885063024237752,0,0.1095287278294563,4,1,2,0,M S,Celta Vigo,0,0.1885063024237752,0.97998889349401,0.7698276322335005,La_Liga,2023
11541,Nico Paz,4,12,0,0.1046110168099403,0,0.0,2,0,0,0,S,Real Madrid,0,0.1046110168099403,0.1046110168099403,0.0,La_Liga,2023
11560,Marcos Peña,7,436,0,0.3856491921469569,0,0.0457014665007591,4,1,3,0,M S,Almeria,0,0.3856491921469569,1.3953719586133957,1.3323566690087318,La_Liga,2023
11629,Abdellah Raihani,1,5,0,0.0,0,0.0,0,0,0,0,S,Atletico Madrid,0,0.0,0.0,0.0,La_Liga,2023
11630,Salim El Jebari,1,10,0,0.0,0,0.0,0,0,0,0,S,Atletico Madrid,0,0.0,0.0,0.0,La_Liga,2023
11705,Federico Gattoni,2,5,0,0.0,0,0.0,0,0,0,0,S,Sevilla,0,0.0,0.0,0.0,La_Liga,2023
11737,Silvi Clua,1,1,0,0.0,0,0.0,0,0,0,0,S,Girona,0,0.0,0.1319008320569992,0.1319008320569992,La_Liga,2023
11740,Álvaro Vallés,37,3263,0,0.0,0,0.0,0,0,2,1,GK,Las Palmas,0,0.0,3.4357246309518814,3.4357246309518814,La_Liga,2023
11748,Iñaki González,1,3,0,0.0,0,0.0,0,0,0,0,S,Las Palmas,0,0.0,0.1242240816354751,0.1242240816354751,La_Liga,2023
11749,Siebe Van der Heyden,6,291,0,0.1044305879622697,0,0.0,2,0,1,0,D S,Mallorca,0,0.1044305879622697,0.0719253197312355,0.0719253197312355,La_Liga,2023
11760,Imanol García de Albéniz,9,529,0,0.0145702976733446,0,0.1408717706799507,1,2,2,0,D S,Athletic Club,0,0.0145702976733446,2.20159275829792,2.125772215425968,La_Liga,2023
11815,Ben Brereton Díaz,14,231,0,0.2486091218888759,0,0.1335055362433195,5,2,2,0,F M S,Villarreal,0,0.2486091218888759,0.6096909828484058,0.2818686068058014,La_Liga,2023
11827,Xeber Alkain,10,296,0,0.5093520395457745,0,0.6055785967037082,5,6,1,0,F M S,Alaves,0,0.5093520395457745,1.1765547767281532,0.2446316108107566,La_Liga,2023
11829,André Ferreira,15,1340,0,0.0,0,0.0,0,0,1,0,GK S,Granada,0,0.0,2.289650324732065,2.289650324732065,La_Liga,2023
11830,Sergio Ruiz,35,2536,0,0.914044759236276,4,1.7954023014754057,13,12,8,0,M S,Granada,0,0.914044759236276,8.087164682336152,6.460835027508438,La_Liga,2023
11832,Wilson Manafá,4,241,0,0.0109770195558667,0,0.0919438824057579,1,1,1,0,D M S,Granada,0,0.0109770195558667,0.9130907580256462,0.9130907580256462,La_Liga,2023
11833,Miki Bosch,1,21,0,0.0,0,0.0,0,0,0,0,S,Granada,0,0.0,0.0695897042751312,0.0695897042751312,La_Liga,2023
11834,Adrià Alti,11,792,0,0.017201567068696,0,0.0772409681230783,1,2,3,0,D M S,Villarreal,0,0.017201567068696,3.7001988533884287,3.6588158309459686,La_Liga,2023
11995,Ibrahima Kebe,2,6,0,0.0,0,0.0,0,0,1,0,S,Girona,0,0.0,0.055542267858982,0.055542267858982,La_Liga,2023
12005,Pau Cubarsí,19,1581,0,0.0848426893353462,0,0.5032942704856396,3,5,4,0,D S,Barcelona,0,0.0848426893353462,8.70684488862753,8.553266756236553,La_Liga,2023
12035,Gonzalo García,2,10,0,0.0542567372322082,0,0.0,1,0,0,0,S,Real Madrid,0,0.0542567372322082,0.0542567372322082,0.0,La_Liga,2023
12046,Jhon Solis,18,337,0,1.4234591610729694,0,0.5155662856996059,9,3,0,0,M S,Girona,0,1.4234591610729694,4.462306126952171,3.327251501381397,La_Liga,2023
12082,Pablo Busto,2,37,0,0.0129622295498847,0,0.284610390663147,1,1,0,0,S,Real Betis,0,0.0129622295498847,0.3917483687400818,0.107137992978096,La_Liga,2023
12098,Jastin García,3,24,0,0.0,0,0.0,0,0,0,0,S,Girona,0,0.0,0.0,0.0,La_Liga,2023
12105,Alejo Véliz,6,22,0,0.4899606183171272,0,0.0,2,0,0,0,S,Sevilla,0,0.4899606183171272,0.4899606183171272,0.045785404741764,La_Liga,2023
12121,Paco Sanz,1,22,0,0.0,0,0.0,0,0,0,0,S,Almeria,0,0.0,0.0,0.0,La_Liga,2023
12139,Yarek Gasiorowski,14,714,0,0.0372236147522926,0,0.0,1,0,1,0,D S,Valencia,0,0.0372236147522926,0.8483194578438997,0.8483194578438997,La_Liga,2023
12154,Nabil Aberdin,2,180,0,0.0,0,0.0,0,0,0,0,D,Getafe,0,0.0,0.1152268722653389,0.1152268722653389,La_Liga,2023
12171,Hector Fort,7,318,0,0.0224463362246751,2,0.7645399570465088,1,3,0,0,D S,Barcelona,0,0.0224463362246751,2.2197200804948807,1.5228757560253143,La_Liga,2023
12174,Jordi Martín,13,563,0,1.69226436316967,0,0.5328456927090883,7,7,1,0,M S,Getafe,0,1.69226436316967,3.972078252583742,1.7684292905032637,La_Liga,2023
12182,Jon Aramburu,11,535,0,0.1254246011376381,0,0.0,4,0,3,0,D S,Real Sociedad,0,0.1254246011376381,1.57797634229064,1.466769453138113,La_Liga,2023
12197,Rachad Dhimi,1,13,0,0.0633659288287162,0,0.022019749507308,1,1,0,0,S,Almeria,0,0.0633659288287162,0.1013899371027946,0.01600425504148,La_Liga,2023
12207,Victor Parada,2,2,0,0.0,0,0.0,0,0,0,0,S,Alaves,0,0.0,0.0,0.0,La_Liga,2023
12229,Moussa Diakité,1,1,0,0.0,0,0.0,0,0,0,0,S,Cadiz,0,0.0,0.0,0.0,La_Liga,2023
12262,Aingeru Olabarrieta,1,5,0,0.0359201058745384,0,0.0,1,0,0,0,S,Athletic Club,0,0.0359201058745384,0.0576375387609005,0.0217174310237169,La_Liga,2023
12263,Mikel Jauregizar,7,137,0,0.0488209426403045,0,0.1200265474617481,2,2,0,0,M S,Athletic Club,0,0.0488209426403045,0.5884349793195724,0.5271917060017586,La_Liga,2023
12298,Augusto Batalla,17,1530,0,0.0272234696894884,0,0.0471705086529254,1,1,3,0,GK,Granada,0,0.0272234696894884,2.248191110789776,2.2010206058621407,La_Liga,2023
12300,Jaílson,14,885,0,0.1981812343001365,1,0.7527084946632385,5,2,1,0,D M S,Celta Vigo,0,0.1981812343001365,4.851309036836028,3.996650161221624,La_Liga,2023
12301,Antal Yaakobishvili,1,61,0,0.0,0,0.364303857088089,0,1,0,0,S,Girona,0,0.0,1.199763298034668,1.199763298034668,La_Liga,2023
12310,Stefan Lekovic,1,23,0,0.0,0,0.0,0,0,0,0,S,Villarreal,0,0.0,0.0,0.0,La_Liga,2023
12321,Alberto Dadie,1,23,0,0.0,0,0.0,0,0,0,0,S,Real Sociedad,0,0.0,0.0765677392482757,0.0765677392482757,La_Liga,2023
12325,Kamil Piatkowski,9,504,0,0.7196483574807644,0,0.0783949056640267,4,2,1,1,D S,Granada,0,0.7196483574807644,0.4685151483863592,0.4547905083745718,La_Liga,2023
12353,Jon Martín,1,20,0,0.0,0,0.0,0,0,0,0,S,Real Sociedad,0,0.0,0.0,0.0,La_Liga,2023
12363,Pablo Sáenz,1,13,0,0.0,0,0.0,0,0,0,0,S,Granada,0,0.0,0.0,0.0,La_Liga,2023
12392,Arthur Vermeeren,5,161,0,0.0,0,0.1251713931560516,0,2,2,0,M S,Atletico Madrid,0,0.0,0.510745570063591,0.4320101514458656,La_Liga,2023
12394,Marc Martínez,3,270,0,0.0,0,0.0,0,0,0,0,GK,Granada,0,0.0,0.0381525605916976,0.0381525605916976,La_Liga,2023
12398,Miguel Crespo,15,491,0,0.0984955858439207,0,1.2121793515980244,2,6,4,0,M S,Rayo Vallecano,0,0.0984955858439207,3.1207608189433813,1.925723498687148,La_Liga,2023
12413,Joaquín Panichelli,8,212,0,0.4175710696727037,0,0.0891835009679198,9,2,0,0,F M S,Alaves,0,0.4175710696727037,0.6536963675171137,0.1469418033957481,La_Liga,2023
12417,Aiham Ousou,6,434,0,0.1479828357696533,0,0.0,2,0,0,0,D S,Cadiz,0,0.1479828357696533,1.189348243176937,1.189348243176937,La_Liga,2023
12442,Kamil Józwiak,11,585,0,0.1520807240158319,1,1.2023921310901642,4,5,2,0,M S,Granada,0,0.1520807240158319,1.7419395167380571,0.399547622539103,La_Liga,2023
12472,Iñigo Arguibide,1,14,0,0.0,0,0.0,0,0,0,0,S,Osasuna,0,0.0,0.0,0.0,La_Liga,2023
12473,Max Svensson,1,1,0,0.0,0,0.0,0,0,0,0,S,Osasuna,0,0.0,0.0,0.0,La_Liga,2023
12537,Asier Osambela,1,5,0,0.0,0,0.0,0,0,0,0,S,Osasuna,0,0.0,0.0,0.0,La_Liga,2023
12566,Alberto Risco,4,124,0,0.1189612597227096,0,0.4765212638303637,2,4,0,0,M S,Getafe,0,0.1189612597227096,0.7163679078221321,0.1882437467575073,La_Liga,2023
12579,Yassin Tallal,1,1,0,0.0,0,0.0,0,0,0,0,S,Getafe,0,0.0,0.0,0.0,La_Liga,2023
12604,Jeremy Jorge,1,1,0,0.0,0,0.0,0,0,0,0,S,Getafe,0,0.0,0.0,0.0,La_Liga,2023
12608,Xabi Huarte,1,1,0,0.0,0,0.0,0,0,0,0,S,Osasuna,0,0.0,0.0,0.0,La_Liga,2023
12624,Sergio Rodelas,3,123,0,0.0376821905374527,1,1.0727558135986328,2,2,0,0,F M S,Granada,0,0.0376821905374527,1.1795755811035633,0.0872074952349066,La_Liga,2023
12641,Borja Vázquez,1,2,0,0.0,0,0.0541070960462093,0,1,0,0,S,Cadiz,0,0.0,0.0541070960462093,0.0,La_Liga,2023
12642,Yoel Lago,1,90,0,0.0,0,0.0,0,0,0,0,D,Celta Vigo,0,0.0,0.0,0.0,La_Liga,2023
12643,Javier Rueda,1,16,0,0.0,0,0.0,0,0,0,0,S,Celta Vigo,0,0.0,0.0,0.0,La_Liga,2023
